relation,x_type,y_type,x_id,y_id,uid,x_preferred_name,y_preferred_name,x_preferred_name_score,y_preferred_name_score
disease_phenotype_positive,disease,effect/phenotype,kg4rd:10679,kg4rd:1249,:40400011:8cxiHTfHEbuMJ5cudTfhtn,duchenne muscular dystrophy,intellectual disability,1000.0,1000.0
anatomy_protein_present,anatomy,gene/protein,kg4rd:15230,kg4rd:1756,:40368879:KSNJHm4UB6yne29TsVe6b2,dorsal vessel heart,dmd,1000.0,1000.0
disease_protein,disease,gene/protein,kg4rd:10679,kg4rd:1431,:40366239:52d5FmoktMw9P8H9yRsyEL,duchenne muscular dystrophy,cs,1000.0,1000.0
disease_protein,disease,gene/protein,kg4rd:10679,kg4rd:10891,:40366239:dTjYpXozNLKxTktedAVDPh,duchenne muscular dystrophy,ppargc1a,1000.0,89.20863309352518
disease_protein,disease,gene/protein,kg4rd:10679,kg4rd:4712,:40366239:BDQxqeCKBX66n73PbycL4o,duchenne muscular dystrophy,ndufb6,1000.0,86.31578947368422
disease_phenotype_positive,disease,effect/phenotype,kg4rd:10679,kg4rd:9067,:40361216:dwbREDNqmUjZWqsbhUKxn2,duchenne muscular dystrophy,progressive spinal muscular atrophy,1000.0,88.13559322033898
disease_protein,disease,gene/protein,kg4rd:10679,kg4rd:9780,:40361216:QW9DbX3U4yc8iP2ugNLKfx,duchenne muscular dystrophy,piezo1,1000.0,1000.0
disease_phenotype_positive,disease,effect/phenotype,kg4rd:10679,kg4rd:3287,:40359883:JrogmgpD3XR4BMnqfQWogW,duchenne muscular dystrophy,abnormality of mitochondrial metabolism,1000.0,1000.0
disease_phenotype_positive,disease,effect/phenotype,kg4rd:10679,kg4rd:34392,:40320555:JbxHBTqThzcwWzmP6FS7RU,duchenne muscular dystrophy,joint contracture,93.10344827586206,95.65217391304348
disease_phenotype_positive,disease,effect/phenotype,kg4rd:10311,kg4rd:9025,:40320137:NigH6eg8Pk3Zxtr87s7TXA,becker muscular dystrophy,increased connective tissue,1000.0,92.85714285714286
disease_phenotype_positive,disease,effect/phenotype,kg4rd:10311,kg4rd:2617,:40320137:6FeykKqye65CN3UA8crRgg,becker muscular dystrophy,vascular dilatation,1000.0,87.17948717948718
disease_phenotype_positive,disease,effect/phenotype,kg4rd:10679,kg4rd:200123,:40275384:23ot3rrAo9aKYyGsQyy2sy,duchenne muscular dystrophy,chronic hepatitis,1000.0,86.95652173913044
bioprocess_protein,biological_process,gene/protein,kg4rd:19222,kg4rd:2099,:40258782:cSVxBWUzHZJ9Qdz9F4UmxV,regulation of metabolic process,esr1,88.88888888888889,92.3076923076923
disease_protein,disease,gene/protein,kg4rd:10679,kg4rd:5144,:40217158:8s6o92h784fCTHKyMErkkD,duchenne muscular dystrophy,pde4d,93.10344827586206,86.36363636363636
disease_phenotype_positive,disease,effect/phenotype,kg4rd:10679,kg4rd:1644,:40203679:B6c2NfrbmQUEti6oQYc5vk,duchenne muscular dystrophy,dilated cardiomyopathy,1000.0,1000.0
disease_protein,disease,gene/protein,kg4rd:10679,kg4rd:23411,:40195304:gE7Xu5hLF966xvk6Ez4Xmj,duchenne muscular dystrophy,sirt1,1000.0,1000.0
disease_disease,disease,disease,kg4rd:10679,kg4rd:19056,:40167615:V2iACj39w4LjcSTisUMBDn,duchenne muscular dystrophy,neuromuscular disease,1000.0,1000.0
disease_phenotype_positive,disease,effect/phenotype,kg4rd:10679,kg4rd:970,:40147446:XoYJuJxXfrmAwTP99VSt2v,duchenne muscular dystrophy,anhidrosis,1000.0,89.47368421052632
disease_phenotype_positive,disease,effect/phenotype,kg4rd:10679,kg4rd:5162,:40130400:bcs5AMxBDU8duyijLJ2uJG,duchenne muscular dystrophy,abnormal left ventricular function,1000.0,90.19607843137256
disease_disease,disease,disease,kg4rd:10679,kg4rd:20121,:40112439:6bkNMEg8PoH2SaWBVYnWYi,duchenne muscular dystrophy,muscular dystrophy,1000.0,1000.0
disease_phenotype_positive,disease,effect/phenotype,kg4rd:18881,kg4rd:3546,:40110646:nF7eJqw75fVMXMsMffkYqa,myelodysplastic syndrome,exercise intolerance,85.71428571428572,1000.0
disease_phenotype_positive,disease,effect/phenotype,kg4rd:10679,kg4rd:25406,:40102886:j8eaWLaoCwaR2nnDMmNK9c,duchenne muscular dystrophy,asthenia,1000.0,1000.0
disease_phenotype_positive,disease,effect/phenotype,kg4rd:19079,kg4rd:9067,:40102886:WbgCsK9YVCnYe6RSWVXvz6,proximal spinal muscular atrophy,progressive spinal muscular atrophy,1000.0,89.85507246376811
disease_phenotype_positive,disease,effect/phenotype,kg4rd:19079,kg4rd:25406,:40102886:HuLBma2F6Y754Vs6sNmdE9,proximal spinal muscular atrophy,asthenia,1000.0,1000.0
disease_disease,disease,disease,kg4rd:10679,kg4rd:15667,:40101139:idXW6bW58MwJtfJwmt3ijV,duchenne muscular dystrophy,acute myeloid leukemia,1000.0,1000.0
disease_protein,disease,gene/protein,kg4rd:4992,kg4rd:1756,:40101139:VaCvWSLWpBXC7kaapSboaP,cancer,dmd,1000.0,1000.0
disease_phenotype_positive,disease,effect/phenotype,kg4rd:10679,kg4rd:3678,:40051007:7XFY2N4yS5TSkAfCWSiuyg,duchenne muscular dystrophy,rapidly progressive,1000.0,1000.0
disease_phenotype_positive,disease,effect/phenotype,kg4rd:16147,kg4rd:7340,:40051007:DN2GavR7Bef6bTxXKoLddy,qualitative or quantitative defects of dystrophin,lower limb muscle weakness,1000.0,1000.0
disease_phenotype_positive,disease,effect/phenotype,kg4rd:16147,kg4rd:3391,:40051007:YqSye4mLZMoctwUTmJDuUT,qualitative or quantitative defects of dystrophin,gowers sign,1000.0,100.0
disease_phenotype_positive,disease,effect/phenotype,kg4rd:5336,kg4rd:3236,:40051007:TPghwo9TViwh4Egja3WN7H,myopathy,elevated circulating creatine kinase concentration,1000.0,1000.0
disease_phenotype_positive,disease,effect/phenotype,kg4rd:5336,kg4rd:10834,:40051007:deQ4WUockHAXx7vZhji7JS,myopathy,trophic changes related to pain,1000.0,90.9090909090909
disease_phenotype_positive,disease,effect/phenotype,kg4rd:10679,kg4rd:2360,:40021828:A4gTbZSXiwi8JnmmphcDXe,duchenne muscular dystrophy,sleep abnormality,1000.0,85.71428571428572
disease_phenotype_positive,disease,effect/phenotype,kg4rd:10679,kg4rd:1685,:40008976:gQBGVzVrQYni4s2BQkeLEe,duchenne muscular dystrophy,myocardial fibrosis,1000.0,1000.0
disease_phenotype_positive,disease,effect/phenotype,kg4rd:10311,kg4rd:33667,:39998149:G8eyFAETXgs4kKTnuLCBFV,becker muscular dystrophy,diminished mental health,92.5925925925926,90.9090909090909
disease_phenotype_positive,disease,effect/phenotype,kg4rd:10311,kg4rd:12593,:39998149:YVgCAQy6odtkD6a8MgRT2q,becker muscular dystrophy,nephrotic range proteinuria,92.5925925925926,100.0
disease_phenotype_positive,disease,effect/phenotype,kg4rd:10679,kg4rd:2180,:39973462:mPGx8SR5hCQYrekURHowWA,duchenne muscular dystrophy,neurodegeneration,1000.0,89.41176470588236
disease_phenotype_positive,disease,effect/phenotype,kg4rd:10679,kg4rd:3677,:39962811:joaXcjHJ6P4o2TfmSi7buJ,duchenne muscular dystrophy,slowly progressive,1000.0,88.37209302325581
disease_phenotype_positive,disease,effect/phenotype,kg4rd:10679,kg4rd:7018,:39946777:W7NP46vbExFyENvVSEdAsN,duchenne muscular dystrophy,attention deficit hyperactivity disorder,1000.0,98.76543209876543
disease_phenotype_positive,disease,effect/phenotype,kg4rd:10679,kg4rd:2650,:39945205:dRAsbDzqtFh9vibjko8nMA,duchenne muscular dystrophy,scoliosis,1000.0,1000.0
disease_phenotype_positive,disease,effect/phenotype,kg4rd:10679,kg4rd:3693,:39939773:caATbeLf3bLQR2DbjVVZA7,duchenne muscular dystrophy,distal amyotrophy,1000.0,86.79245283018868
disease_protein,disease,gene/protein,kg4rd:10679,kg4rd:7402,:39939773:V3LbftQCzrEjTDiNm4CLhz,duchenne muscular dystrophy,utrn,1000.0,1000.0
disease_protein,disease,gene/protein,kg4rd:14893,kg4rd:1457,:39915227:EvH3deJ2QVqJtQp43rxNMt,okur-chung neurodevelopmental syndrome,csnk2a1,1000.0,1000.0
disease_phenotype_positive,disease,effect/phenotype,kg4rd:10679,kg4rd:6000023,:39894866:NwKwwqg8RoDtHyRgYDv7uM,duchenne muscular dystrophy,lack of sufficient daily physical activity,1000.0,1000.0
disease_phenotype_positive,disease,effect/phenotype,kg4rd:10679,kg4rd:3676,:39889824:mJMtxFuQMptZFubfpsUa6Z,duchenne muscular dystrophy,progressive,1000.0,1000.0
bioprocess_protein,biological_process,gene/protein,kg4rd:10468,kg4rd:9365,:39889824:Vcd9N4B8RHXLsvbNkEFCnt,regulation of gene expression,kl,1000.0,1000.0
bioprocess_protein,biological_process,gene/protein,kg4rd:43403,kg4rd:2335,:39874107:Bb6d3353R2DJqmSEB2hivt,skeletal muscle tissue regeneration,fn1,88.88888888888889,85.71428571428572
bioprocess_protein,biological_process,gene/protein,kg4rd:14834,kg4rd:2335,:39874107:kYVWxBqV2Vx2LeSMuhUqvb,skeletal muscle satellite cell maintenance involved in skeletal muscle regeneration,fn1,1000.0,85.71428571428572
pathway_protein,pathway,gene/protein,kg4rd:R-HSA-157118,kg4rd:2335,:39874107:2vSyVHiZCRyNemijMEMWgh,signaling by notch,fn1,90.9090909090909,85.71428571428572
pathway_protein,pathway,gene/protein,kg4rd:R-HSA-198745,kg4rd:2335,:39874107:deUC9Jg8iazLb3igqZ5ucm,signalling to stat3,fn1,88.23529411764706,85.71428571428572
disease_protein,disease,gene/protein,kg4rd:10679,kg4rd:2335,:39874107:REBNuVi7WSP3LEfAYuf7Zt,duchenne muscular dystrophy,fn1,93.10344827586206,85.71428571428572
disease_protein,disease,gene/protein,kg4rd:3939,kg4rd:2335,:39874107:EmmbHxxzTGKQK6CePDqhgK,muscle tissue disorder,fn1,97.14285714285714,85.71428571428572
disease_phenotype_positive,disease,effect/phenotype,kg4rd:20121,kg4rd:25406,:39865125:JJXrrob89ire4Ni8T936tY,muscular dystrophy,asthenia,89.47368421052632,1000.0
bioprocess_protein,biological_process,gene/protein,kg4rd:45214,kg4rd:51132,:39865125:FnQaRvoyN7UuwJMmKHTiEL,sarcomere organization,rlim,1000.0,89.85507246376811
bioprocess_protein,biological_process,gene/protein,kg4rd:16567,kg4rd:8736,:39865125:TaEyVmu36wQqYW4ktMygUV,protein ubiquitination,myom1,1000.0,88.88888888888889
bioprocess_protein,biological_process,gene/protein,kg4rd:16567,kg4rd:58529,:39865125:3Pkh3jbtktihyka4a8a98z,protein ubiquitination,myoz1,1000.0,1000.0
disease_disease,disease,disease,kg4rd:10679,kg4rd:5298,:39864173:BHNnm9h6QSXJBPPEHUncfL,duchenne muscular dystrophy,osteoporosis,93.10344827586206,1000.0
disease_phenotype_positive,disease,effect/phenotype,kg4rd:10679,kg4rd:25464,:39806512:KYgvPQ5NjGeJpFWCshq2kn,duchenne muscular dystrophy,increased reactive oxygen species production,1000.0,1000.0
disease_phenotype_positive,disease,effect/phenotype,kg4rd:10679,kg4rd:4322,:39792921:mYo3Juk69pDcwiXtEjPD4H,duchenne muscular dystrophy,short stature,1000.0,1000.0
disease_phenotype_positive,disease,effect/phenotype,kg4rd:10679,kg4rd:708,:39792584:MVBp9JQ7DvHaAXdH4i3HrF,duchenne muscular dystrophy,atypical behavior,1000.0,1000.0
disease_phenotype_positive,disease,effect/phenotype,kg4rd:10679,kg4rd:32341,:39775224:kYTatN6rw2oCgPm7SqNEpf,duchenne muscular dystrophy,reduced forced vital capacity,93.10344827586206,93.5483870967742
disease_phenotype_positive,disease,effect/phenotype,kg4rd:10679,kg4rd:8964,:39760982:DXV8Ahuj6aDn5BizTcFi84,duchenne muscular dystrophy,nonprogressive muscular atrophy,88.52459016393442,88.52459016393442
disease_phenotype_positive,disease,effect/phenotype,kg4rd:10679,kg4rd:164,:39760982:5nnqAj6teBWp2KS6wWnqfa,duchenne muscular dystrophy,abnormality of the dentition,88.52459016393442,92.3076923076923
disease_disease,disease,disease,kg4rd:10679,kg4rd:18945,:39749981:hai6X7zJ3dCAxe4wBt6J3n,duchenne muscular dystrophy,mcleod neuroacanthocytosis syndrome,1000.0,1000.0
bioprocess_protein,biological_process,gene/protein,kg4rd:8356,kg4rd:1756,:39723578:YGCeRi7HqtvqwvoELuTf6M,asymmetric cell division,dmd,97.95918367346938,1000.0
disease_phenotype_positive,disease,effect/phenotype,kg4rd:16147,kg4rd:3323,:39719374:X8rjSYFsyVQdMYBtVPrt8S,qualitative or quantitative defects of dystrophin,progressive muscle weakness,88.23529411764706,1000.0
disease_phenotype_positive,disease,effect/phenotype,kg4rd:16147,kg4rd:739,:39719374:4MSSeN5cnEamZQenv9jJZ5,qualitative or quantitative defects of dystrophin,anxiety,1000.0,1000.0
disease_phenotype_positive,disease,effect/phenotype,kg4rd:16147,kg4rd:7018,:39719374:BCeVqAh46FdzbWP6v9XRTT,qualitative or quantitative defects of dystrophin,attention deficit hyperactivity disorder,1000.0,94.11764705882352
disease_phenotype_positive,disease,effect/phenotype,kg4rd:16147,kg4rd:722,:39719374:cMFxQFaBTowwL86aKkzJje,qualitative or quantitative defects of dystrophin,compulsive behaviors,1000.0,93.5483870967742
disease_phenotype_positive,disease,effect/phenotype,kg4rd:16147,kg4rd:716,:39719374:b66DfM923NYy3DVy4W5qRC,qualitative or quantitative defects of dystrophin,depression,1000.0,1000.0
disease_phenotype_positive,disease,effect/phenotype,kg4rd:16147,kg4rd:717,:39719374:RWay3iJAQrWBpESZ3d5qKJ,qualitative or quantitative defects of dystrophin,autism,1000.0,92.3076923076923
disease_phenotype_positive,disease,effect/phenotype,kg4rd:16147,kg4rd:1324,:39718956:NqcLNAtdvEXXbKP6dNmiTr,qualitative or quantitative defects of dystrophin,muscle weakness,88.23529411764706,1000.0
disease_phenotype_positive,disease,effect/phenotype,kg4rd:16147,kg4rd:3546,:39718956:DLUKtsizBazg7KcSFLrX7d,qualitative or quantitative defects of dystrophin,exercise intolerance,88.23529411764706,88.88888888888889
disease_phenotype_positive,disease,effect/phenotype,kg4rd:10679,kg4rd:3077,:39716324:RfkyBdtD9MS8pxnhUHMn6H,duchenne muscular dystrophy,hyperlipidemia,1000.0,1000.0
bioprocess_protein,biological_process,gene/protein,kg4rd:43403,kg4rd:7476,:39702274:PPm3sDHPjFoCV2Toxp3QMZ,skeletal muscle tissue regeneration,wnt7a,88.88888888888889,1000.0
disease_protein,disease,gene/protein,kg4rd:10679,kg4rd:7476,:39702274:n6UTkR8UhXr4Y4YbR4Jfjy,duchenne muscular dystrophy,wnt7a,1000.0,1000.0
disease_phenotype_positive,disease,effect/phenotype,kg4rd:10679,kg4rd:1510,:39669499:5bhD4KB8URT3D69ZJ3rkRy,duchenne muscular dystrophy,growth delay,1000.0,1000.0
disease_phenotype_positive,disease,effect/phenotype,kg4rd:10679,kg4rd:100512,:39669499:fu4ci8oxKM2LaiTkGXiuGW,duchenne muscular dystrophy,decreased circulating vitamin d concentration,1000.0,1000.0
disease_phenotype_positive,disease,effect/phenotype,kg4rd:10679,kg4rd:33428,:39669499:nH8iShVaBPT2jCMMFvJFtc,duchenne muscular dystrophy,systemic autoinflammation,1000.0,91.30434782608697
disease_phenotype_positive,disease,effect/phenotype,kg4rd:10679,kg4rd:1756,:39669499:knfr4bmr28sQWqe3yFBDye,duchenne muscular dystrophy,vestibular hyporeflexia,1000.0,85.71428571428572
cellcomp_protein,cellular_component,gene/protein,kg4rd:31012,kg4rd:1605,:39663457:Q7mNzpVQwKzp6373iYCTQH,extracellular matrix,dag1,1000.0,85.71428571428572
disease_phenotype_positive,disease,effect/phenotype,kg4rd:10679,kg4rd:2659,:39648958:7Z8ZdSakG5Eehi4shmeeuR,duchenne muscular dystrophy,increased susceptibility to fractures,1000.0,1000.0
disease_phenotype_positive,disease,effect/phenotype,kg4rd:10679,kg4rd:8443,:39630734:MDirn3q6Qs7xng6eL3pXRq,duchenne muscular dystrophy,neuropathic spinal arthropathy,1000.0,88.23529411764706
disease_phenotype_positive,disease,effect/phenotype,kg4rd:10679,kg4rd:2540,:39630734:FyrbtC7xNZwwSgdRCumb6k,duchenne muscular dystrophy,inability to walk,1000.0,1000.0
disease_phenotype_positive,disease,effect/phenotype,kg4rd:10311,kg4rd:3812,:39621041:4kueP7cyYR3oB466eKceL2,becker muscular dystrophy,phenotypic variability,1000.0,1000.0
disease_phenotype_positive,disease,effect/phenotype,kg4rd:19056,kg4rd:2878,:39618072:cECJ5UsFzSZZyk5JnqqEYY,neuromuscular disease,respiratory failure,97.67441860465115,1000.0
phenotype_protein,effect/phenotype,gene/protein,kg4rd:3202,kg4rd:1756,:39595988:ZaYrLNrJ5E3EXNoVWxbzYT,muscular atrophy,dmd,1000.0,1000.0
disease_phenotype_positive,disease,effect/phenotype,kg4rd:10679,kg4rd:100033,:39595938:XuBCwQJmitznLhQ7w9yGqv,duchenne muscular dystrophy,tics,1000.0,85.71428571428572
disease_phenotype_positive,disease,effect/phenotype,kg4rd:10679,kg4rd:12378,:39576166:9dDwtfjnxkxRxBRT83F7Ha,duchenne muscular dystrophy,fatigue,1000.0,1000.0
disease_phenotype_positive,disease,effect/phenotype,kg4rd:8055,kg4rd:12378,:39576166:Y69aq7fhWztaKxoQVKi3E4,thomsen and becker disease,fatigue,90.0,1000.0
bioprocess_protein,biological_process,gene/protein,kg4rd:35148,kg4rd:84624,:39567831:M65yBSHGcsJATA4X5qx5GZ,tube formation,fndc1,90.32258064516128,1000.0
bioprocess_protein,biological_process,gene/protein,kg4rd:45445,kg4rd:84624,:39567831:GvvJeWovefkZNbbxVqhd45,myoblast differentiation,fndc1,1000.0,90.9090909090909
disease_protein,disease,gene/protein,kg4rd:7294,kg4rd:84624,:39567831:itG6b4F7RbDqC3EyBzUWkd,central core myopathy,fndc1,87.17948717948718,1000.0
disease_disease,disease,disease,kg4rd:10311,kg4rd:16147,:39561886:VAhyfJ4KeusPWRR7iLxnib,becker muscular dystrophy,qualitative or quantitative defects of dystrophin,1000.0,1000.0
disease_disease,disease,disease,kg4rd:10679,kg4rd:16147,:39561886:WpUVHqCoo8Mc4XpJT3xL8M,duchenne muscular dystrophy,qualitative or quantitative defects of dystrophin,1000.0,1000.0
disease_disease,disease,disease,kg4rd:10679,kg4rd:5045,:39534979:DeexuY93gN7eoNLQVocXHf,duchenne muscular dystrophy,hypertrophic cardiomyopathy,1000.0,1000.0
disease_phenotype_positive,disease,effect/phenotype,kg4rd:10679,kg4rd:5200283,:39531786:HT6S5JV6PY3QvbBUoarpYm,duchenne muscular dystrophy,sleep-related breathing disorders,1000.0,88.13559322033898
disease_disease,disease,disease,kg4rd:10679,kg4rd:7147,:39531786:f5T76BgQYqqxWytAikb6sk,duchenne muscular dystrophy,obstructive sleep apnea syndrome,1000.0,1000.0
disease_phenotype_positive,disease,effect/phenotype,kg4rd:10679,kg4rd:2877,:39531786:e7pAxCrMQuwWAvEopD6dnN,duchenne muscular dystrophy,nocturnal hypoventilation,1000.0,1000.0
disease_phenotype_positive,disease,effect/phenotype,kg4rd:10679,kg4rd:32654,:39519374:2gyzwsGqNuZLDrnTywsqN5,duchenne muscular dystrophy,impaired flow-mediated arterial dilatation,1000.0,85.18518518518519
disease_phenotype_positive,disease,effect/phenotype,kg4rd:20121,kg4rd:3201,:39503119:QHj4FkgQwcStUiWoMFZBqh,muscular dystrophy,rhabdomyolysis,1000.0,1000.0
phenotype_phenotype,effect/phenotype,effect/phenotype,kg4rd:3201,kg4rd:1663,:39503119:cjgqV7jHFv4VkRQskmgKeS,rhabdomyolysis,ventricular fibrillation,1000.0,1000.0
phenotype_phenotype,effect/phenotype,effect/phenotype,kg4rd:3201,kg4rd:1695,:39503119:5jnAUGDnBRzV4PpWdEo4MA,rhabdomyolysis,cardiac arrest,1000.0,1000.0
phenotype_phenotype,effect/phenotype,effect/phenotype,kg4rd:2153,kg4rd:1663,:39503119:hLhoo2A22WUVnkhPAeJo9z,hyperkalemia,ventricular fibrillation,1000.0,1000.0
phenotype_phenotype,effect/phenotype,effect/phenotype,kg4rd:2153,kg4rd:1695,:39503119:2DHwpLhG3EeEWnxf8wN4YX,hyperkalemia,cardiac arrest,1000.0,1000.0
anatomy_protein_present,anatomy,gene/protein,kg4rd:14895,kg4rd:1756,:39499670:8KDLmfVv6kKAHmPRczBT82,"somatic muscle, invertebrate",dmd,1000.0,1000.0
disease_phenotype_positive,disease,effect/phenotype,kg4rd:10311,kg4rd:2505,:39499670:nGeKckQ5mPw5XbYiGuzj4b,becker muscular dystrophy,loss of ambulation,1000.0,1000.0
disease_phenotype_positive,disease,effect/phenotype,kg4rd:10311,kg4rd:2153,:39499670:dpePYsZVG6gUFX6Tdqo6cJ,becker muscular dystrophy,hyperkalemia,1000.0,91.66666666666666
disease_phenotype_positive,disease,effect/phenotype,kg4rd:10311,kg4rd:5162,:39499670:3WYW8ycEBVgYCoujRqhSHQ,becker muscular dystrophy,abnormal left ventricular function,1000.0,1000.0
disease_protein,disease,gene/protein,kg4rd:10679,kg4rd:6774,:39477543:WW66Qpm4Uj2GkHBg3dTrNc,duchenne muscular dystrophy,stat3,1000.0,1000.0
bioprocess_protein,biological_process,gene/protein,kg4rd:19043,kg4rd:1756,:39477543:6jb9Gj3qtA9rwAMAsK4aoW,establishment of viral latency,dmd,92.3076923076923,1000.0
disease_phenotype_positive,disease,effect/phenotype,kg4rd:10679,kg4rd:6532,:39475941:TEiM82yYWitviLbfvruHBw,duchenne muscular dystrophy,recurrent pneumonia,1000.0,87.17948717948718
disease_phenotype_positive,disease,effect/phenotype,kg4rd:20121,kg4rd:3202,:39457092:8UnpYycvBmQdfdvAejZoSg,muscular dystrophy,skeletal muscle atrophy,89.47368421052632,1000.0
disease_phenotype_positive,disease,effect/phenotype,kg4rd:20121,kg4rd:1638,:39457092:RMvaJhcevA2txphG9oYmMR,muscular dystrophy,cardiomyopathy,89.47368421052632,1000.0
disease_phenotype_positive,disease,effect/phenotype,kg4rd:20121,kg4rd:2878,:39457092:neXdVCjK9CnepK5d8dmtMU,muscular dystrophy,respiratory failure,89.47368421052632,1000.0
disease_phenotype_positive,disease,effect/phenotype,kg4rd:20121,kg4rd:11024,:39457092:UzJ5KR9Kcy4Pn2WF7Y65tC,muscular dystrophy,abnormality of the gastrointestinal tract,89.47368421052632,88.0
anatomy_protein_absent,anatomy,gene/protein,kg4rd:14895,kg4rd:1756,:39415418:C2JqUKD4onYRG7sYkP4Z8D,"somatic muscle, invertebrate",dmd,1000.0,1000.0
anatomy_protein_absent,anatomy,gene/protein,kg4rd:2979,kg4rd:1756,:39415418:gNvjnwfZnjR7a2fo3VoDX4,purkinje cell layer of cerebellar cortex,dmd,87.27272727272728,1000.0
disease_protein,disease,gene/protein,kg4rd:1010934,kg4rd:79147,:39408683:SZtw7fZMbDSNdbRb7tSUY6,"limb-girdle muscular dystrophy, sgcd-related, dog",fkrp,90.32258064516128,90.19607843137256
disease_protein,disease,gene/protein,kg4rd:11486,kg4rd:79147,:39408683:e8pVB9Rm24VKxXnMtkrFbm,congenital muscular dystrophy 1b,fkrp,85.36585365853658,90.19607843137256
disease_protein,disease,gene/protein,kg4rd:10679,kg4rd:3479,:39390091:CRjpxpvYZiyBvMXveSCjpn,duchenne muscular dystrophy,igf1,1000.0,1000.0
disease_protein,disease,gene/protein,kg4rd:10679,kg4rd:7135,:39390091:4V5xYukBARmur7weWyaB9S,duchenne muscular dystrophy,tnni1,1000.0,1000.0
disease_protein,disease,gene/protein,kg4rd:10679,kg4rd:4654,:39390091:DjJexaoWz8xWhuut66u2Aa,duchenne muscular dystrophy,myod1,1000.0,1000.0
disease_protein,disease,gene/protein,kg4rd:10679,kg4rd:3480,:39390091:28gdFAY7D74XSgmrjwQCsN,duchenne muscular dystrophy,igf1r,1000.0,1000.0
disease_phenotype_positive,disease,effect/phenotype,kg4rd:10679,kg4rd:2015,:39362116:8UePaQSwb4s6k6Svat3sPX,duchenne muscular dystrophy,dysphagia,1000.0,1000.0
bioprocess_protein,biological_process,gene/protein,kg4rd:7520,kg4rd:8204,:39323088:cEFP255HvtmG7Vwh8fGWaf,myoblast fusion,nrip1,1000.0,88.88888888888889
disease_protein,disease,gene/protein,kg4rd:10679,kg4rd:8204,:39323088:eBXNmvpy9E7g5zeoqevfoa,duchenne muscular dystrophy,nrip1,93.10344827586206,88.88888888888889
bioprocess_protein,biological_process,gene/protein,kg4rd:45026,kg4rd:8204,:39323088:96wK8FQoqbSZpDYbAPQsFL,cell-cell fusion,nrip1,1000.0,88.88888888888889
molfunc_protein,molecular_function,gene/protein,kg4rd:3779,kg4rd:8204,:39323088:Getwt4V9KJ9o7xyyKa7zAa,actin binding,nrip1,100.0,88.88888888888889
disease_phenotype_positive,disease,effect/phenotype,kg4rd:10679,kg4rd:12532,:39317091:jScF39RqKVm6JuxwPX99Wk,duchenne muscular dystrophy,chronic pain,1000.0,1000.0
disease_phenotype_positive,disease,effect/phenotype,kg4rd:10679,kg4rd:32198,:39317091:hw2nFKg7BUVZGaRTbFvkcW,duchenne muscular dystrophy,decreased prothrombin time,1000.0,92.3076923076923
disease_phenotype_positive,disease,effect/phenotype,kg4rd:10679,kg4rd:7034,:39317091:iP6mXAKSeHwR574Kg94ZPa,duchenne muscular dystrophy,generalized hyperreflexia,1000.0,85.71428571428572
disease_phenotype_positive,disease,effect/phenotype,kg4rd:10679,kg4rd:2344,:39305903:DUu9JUTcsAZFDnpB7kAxGw,duchenne muscular dystrophy,progressive neurologic deterioration,1000.0,87.5
disease_phenotype_positive,disease,effect/phenotype,kg4rd:10679,kg4rd:100295,:39298449:nLb4WbZSAvWsuMJdZtANZU,duchenne muscular dystrophy,muscle fiber atrophy,1000.0,94.11764705882352
disease_phenotype_positive,disease,effect/phenotype,kg4rd:10679,kg4rd:969,:39298449:mRjhTR5V3bURRxi7kRXo9C,duchenne muscular dystrophy,edema,1000.0,1000.0
disease_phenotype_positive,disease,effect/phenotype,kg4rd:10679,kg4rd:41166,:39288912:oKbqPLQTrFtvxzApskWgR5,duchenne muscular dystrophy,fractured vertebra,1000.0,91.89189189189189
disease_phenotype_positive,disease,effect/phenotype,kg4rd:10679,kg4rd:9073,:39283673:2SzPUh8hDiDTmLif3JscYm,duchenne muscular dystrophy,progressive proximal muscle weakness,1000.0,89.23076923076923
disease_phenotype_positive,disease,effect/phenotype,kg4rd:20123,kg4rd:3546,:39283673:NFy6bGneYbiAMuXiJW8Hwy,metabolic myopathy,exercise intolerance,89.47368421052632,1000.0
disease_phenotype_positive,disease,effect/phenotype,kg4rd:7037,kg4rd:2652,:39283673:h2gut4zepqcuCWugZNY3Ki,achondroplasia,skeletal dysplasia,1000.0,1000.0
disease_phenotype_positive,disease,effect/phenotype,kg4rd:7037,kg4rd:4322,:39283673:Eeajg5QaWiKK8kSS45rL57,achondroplasia,short stature,1000.0,1000.0
bioprocess_protein,biological_process,gene/protein,kg4rd:45117,kg4rd:857,:39201459:gTWrFiEJ7UTqmtYkFGLXDu,azole transmembrane transport,cav1,87.09677419354838,88.88888888888889
disease_protein,disease,gene/protein,kg4rd:10679,kg4rd:859,:39201459:bHM764nqphfnYx24vtuiMS,duchenne muscular dystrophy,cav3,1000.0,100.0
anatomy_protein_present,anatomy,gene/protein,kg4rd:3661,kg4rd:857,:39201459:Lqtt5wY5bMToQ4RnuEypr3,limb muscle,cav1,85.71428571428572,88.88888888888889
anatomy_protein_present,anatomy,gene/protein,kg4rd:3661,kg4rd:4842,:39201459:U4dRN2bRXF9yHphLMXGFSE,limb muscle,nos1,85.71428571428572,1000.0
disease_protein,disease,gene/protein,kg4rd:10311,kg4rd:4060,:39192489:cDJbhXDzjaDNexGWRYEnAD,becker muscular dystrophy,lum,1000.0,1000.0
disease_protein,disease,gene/protein,kg4rd:10311,kg4rd:1634,:39192489:VesaqH2wnMiStskaGEw75H,becker muscular dystrophy,dcn,1000.0,1000.0
disease_protein,disease,gene/protein,kg4rd:10311,kg4rd:1277,:39192489:fiRjiUruT8njkCUma9nAUq,becker muscular dystrophy,col1a1,1000.0,1000.0
disease_protein,disease,gene/protein,kg4rd:10679,kg4rd:1462,:39159389:Fue6txyXuHpcma4D5EqPbM,duchenne muscular dystrophy,vcan,1000.0,1000.0
disease_protein,disease,gene/protein,kg4rd:20121,kg4rd:1462,:39159389:mgaHkTxWeVMCCoijvu9yoj,muscular dystrophy,vcan,1000.0,1000.0
disease_protein,disease,gene/protein,kg4rd:10679,kg4rd:3146,:39158383:3r43d7HeBF6USQ6FWQcx4z,duchenne muscular dystrophy,hmgb1,1000.0,1000.0
disease_phenotype_positive,disease,effect/phenotype,kg4rd:16147,kg4rd:1249,:39158144:ToCkhf4WFGuqzoi3in9ps8,qualitative or quantitative defects of dystrophin,intellectual disability,88.23529411764706,1000.0
anatomy_protein_absent,anatomy,gene/protein,kg4rd:5090,kg4rd:1756,:39151676:egPqqybv9FQQkQvJHgBSwx,muscle structure,dmd,1000.0,1000.0
bioprocess_protein,biological_process,gene/protein,kg4rd:43403,kg4rd:83667,:39117956:D6YJ2aqqRVT75wRqGJSsMM,skeletal muscle tissue regeneration,sesn2,88.88888888888889,1000.0
disease_protein,disease,gene/protein,kg4rd:20121,kg4rd:83667,:39117956:FHd6rdeDGd9HQZ6VSNPQpb,muscular dystrophy,sesn2,1000.0,1000.0
disease_phenotype_positive,disease,effect/phenotype,kg4rd:19079,kg4rd:5200283,:39095144:ijgrBy99fa9CeUdKCpNBHK,proximal spinal muscular atrophy,sleep-related breathing disorders,1000.0,88.13559322033898
disease_phenotype_positive,disease,effect/phenotype,kg4rd:20121,kg4rd:9067,:39064489:SYjYfCu4V87xAEYgAocJBk,muscular dystrophy,progressive spinal muscular atrophy,89.47368421052632,89.74358974358975
disease_phenotype_positive,disease,effect/phenotype,kg4rd:18881,kg4rd:2098,:39064489:dufyHrxT2st2JK7vSF6Eak,myelodysplastic syndrome,respiratory distress,1000.0,87.8048780487805
disease_protein,disease,gene/protein,kg4rd:18881,kg4rd:1605,:39064489:mHUDMUvP7NvDo535uVARKr,myelodysplastic syndrome,dag1,1000.0,87.87878787878788
disease_protein,disease,gene/protein,kg4rd:10311,kg4rd:5244,:39044225:9L7Fkmjn7BZAER2L3YVEUZ,becker muscular dystrophy,abcb4,1000.0,1000.0
disease_protein,disease,gene/protein,kg4rd:10311,kg4rd:1824,:39044225:Qscn2K3mq4gknkn4UNgp8F,becker muscular dystrophy,dsc2,1000.0,1000.0
disease_phenotype_positive,disease,effect/phenotype,kg4rd:10679,kg4rd:7009,:39023735:YRpJgtbv8Ujr7qF7FM27bC,duchenne muscular dystrophy,central nervous system degeneration,1000.0,85.71428571428572
disease_phenotype_positive,disease,effect/phenotype,kg4rd:10679,kg4rd:1635,:39023735:26CdMXFFssG6RZvxjvrhay,duchenne muscular dystrophy,congestive heart failure,1000.0,1000.0
disease_protein,disease,gene/protein,kg4rd:16147,kg4rd:1756,:39014877:6givg6FUnhvdQpwNYCHAtk,qualitative or quantitative defects of dystrophin,dmd,1000.0,1000.0
disease_protein,disease,gene/protein,kg4rd:10679,kg4rd:1513,:39014877:byujgFXbT3JXpMLi3MgYYN,duchenne muscular dystrophy,ctsk,1000.0,1000.0
disease_protein,disease,gene/protein,kg4rd:10679,kg4rd:4621,:39014877:YmzPqpccrWWEoUmvPp29Lu,duchenne muscular dystrophy,myh3,1000.0,1000.0
bioprocess_protein,biological_process,gene/protein,kg4rd:6954,kg4rd:1513,:39014877:5jpeBYSpAHtHgzzcFB8Y8C,inflammatory response,ctsk,1000.0,1000.0
disease_phenotype_positive,disease,effect/phenotype,kg4rd:10679,kg4rd:2359,:39014867:LryjSujuvxWXi7eap25cJQ,duchenne muscular dystrophy,frequent falls,1000.0,85.71428571428572
disease_phenotype_positive,disease,effect/phenotype,kg4rd:10679,kg4rd:4395,:38999890:PdrXzciL4T3EUwGk6WzNzE,duchenne muscular dystrophy,malnutrition,1000.0,1000.0
disease_phenotype_positive,disease,effect/phenotype,kg4rd:10311,kg4rd:1644,:38997055:EsTy8w3aJYjQG47FhXZu7T,becker muscular dystrophy,dilated cardiomyopathy,1000.0,86.27450980392157
disease_phenotype_positive,disease,effect/phenotype,kg4rd:10311,kg4rd:1635,:38997055:9CEcNjBK3NSJaGhLveTh7A,becker muscular dystrophy,heart failure,1000.0,1000.0
anatomy_protein_present,anatomy,gene/protein,kg4rd:5090,kg4rd:1756,:38965715:Cb8zTvrZrMJN48hGuYYzbM,muscle structure,dmd,1000.0,1000.0
bioprocess_protein,biological_process,gene/protein,kg4rd:6974,kg4rd:6374,:38924558:oBxeDEwVSoeiNmY5aozW9o,dna damage response,cxcl5,88.23529411764706,1000.0
phenotype_protein,effect/phenotype,gene/protein,kg4rd:10766,kg4rd:6374,:38924558:ZusXzwCPG8cveph3LBoBdj,ectopic calcification,cxcl5,1000.0,1000.0
disease_phenotype_positive,disease,effect/phenotype,kg4rd:10679,kg4rd:823,:38915199:AcyUH6faNXPBKKtRj3WLk3,duchenne muscular dystrophy,delayed puberty,1000.0,1000.0
pathway_protein,pathway,gene/protein,kg4rd:R-HSA-170834,kg4rd:10631,:38892298:NfniBPL6g4ZHUGfkQCceca,signaling by tgf-beta receptor complex,postn,86.53846153846155,1000.0
bioprocess_protein,biological_process,gene/protein,kg4rd:48659,kg4rd:3162,:38867250:QVfa4U3pHkGmJFYGSDFvt2,smooth muscle cell proliferation,hmox1,86.48648648648648,1000.0
disease_protein,disease,gene/protein,kg4rd:10679,kg4rd:3162,:38867250:fLTFxY7nCYg24UgDTQor6J,duchenne muscular dystrophy,hmox1,1000.0,1000.0
disease_phenotype_positive,disease,effect/phenotype,kg4rd:10679,kg4rd:2019,:38865917:UdMLkhar2KLv2YcBqviDXb,duchenne muscular dystrophy,constipation,1000.0,1000.0
disease_phenotype_positive,disease,effect/phenotype,kg4rd:10679,kg4rd:3546,:38847487:7czb8iN9MuS7ot4r6LSqGP,duchenne muscular dystrophy,exercise intolerance,1000.0,1000.0
disease_phenotype_positive,disease,effect/phenotype,kg4rd:10679,kg4rd:4389,:38823288:UwVd3cuKhMpJ4KXUStnuYc,duchenne muscular dystrophy,intestinal pseudo-obstruction,1000.0,90.625
disease_phenotype_positive,disease,effect/phenotype,kg4rd:10679,kg4rd:12,:38822858:dYUSJkCNKEdw6YzLsbvYyk,duchenne muscular dystrophy,urinary urgency,1000.0,1000.0
disease_phenotype_positive,disease,effect/phenotype,kg4rd:10679,kg4rd:805,:38822858:ii5aPGEYc2ox9MrX3xRV77,duchenne muscular dystrophy,enuresis,1000.0,1000.0
disease_protein,disease,gene/protein,kg4rd:10679,kg4rd:1152,:38767836:gPsUSUDLjccT5V2U7sKADT,duchenne muscular dystrophy,ckb,1000.0,93.75
disease_protein,disease,gene/protein,kg4rd:10679,kg4rd:6098,:38767836:XaTmoemyYVUg2Xvcui5Rgx,duchenne muscular dystrophy,ros1,1000.0,85.41666666666666
disease_phenotype_positive,disease,effect/phenotype,kg4rd:10679,kg4rd:9113,:38729626:eKDk8BchrrKg3rwUMePcDC,duchenne muscular dystrophy,diaphragmatic weakness,1000.0,1000.0
disease_phenotype_positive,disease,effect/phenotype,kg4rd:10679,kg4rd:1631,:38701157:mVzfU8vgmp5TV6vwRu6Fc3,duchenne muscular dystrophy,atrial septal defect,93.10344827586206,1000.0
disease_phenotype_positive,disease,effect/phenotype,kg4rd:10679,kg4rd:722,:38701157:EFKV9P86E3pdb9bfRHLjc9,duchenne muscular dystrophy,compulsive behaviors,93.10344827586206,1000.0
disease_phenotype_positive,disease,effect/phenotype,kg4rd:10679,kg4rd:739,:38701157:cSA8RE7GzkRAv28aDGZuMN,duchenne muscular dystrophy,anxiety,1000.0,1000.0
disease_disease,disease,disease,kg4rd:16147,kg4rd:5027,:38693632:ifTeudn8oYfKDaCNGbCd8h,qualitative or quantitative defects of dystrophin,epilepsy,1000.0,1000.0
bioprocess_protein,biological_process,gene/protein,kg4rd:42692,kg4rd:9869,:38691608:iL9Ah9J62JVti6pnaVaFsd,muscle cell differentiation,setdb1,89.79591836734694,1000.0
cellcomp_protein,cellular_component,gene/protein,kg4rd:9295,kg4rd:9869,:38691608:c54xL7DTNhdF7fooqPBkKb,nucleoid,setdb1,85.71428571428572,1000.0
disease_protein,disease,gene/protein,kg4rd:10679,kg4rd:9869,:38691608:QNrMtLHonE5dxcTfSMtuha,duchenne muscular dystrophy,setdb1,93.10344827586206,1000.0
disease_phenotype_positive,disease,effect/phenotype,kg4rd:16147,kg4rd:1638,:38687374:jYhET8DZvWzJqxsDfGi7VD,qualitative or quantitative defects of dystrophin,cardiomyopathy,88.23529411764706,1000.0
disease_disease,disease,disease,kg4rd:10311,kg4rd:11057,:38684139:Jdnp39pvuUDoNXhjE5GPc9,becker muscular dystrophy,cerebrovascular disorder,1000.0,1000.0
disease_phenotype_positive,disease,effect/phenotype,kg4rd:10311,kg4rd:3701,:38684139:dyJzBYonTZkhUJw22peVay,becker muscular dystrophy,proximal muscle weakness,1000.0,87.17948717948718
disease_phenotype_positive,disease,effect/phenotype,kg4rd:10311,kg4rd:3829,:38684139:ZdchHdTZUuLVQXGrTevSaD,becker muscular dystrophy,typified by incomplete penetrance,1000.0,85.71428571428572
bioprocess_protein,biological_process,gene/protein,kg4rd:32502,kg4rd:24145,:38671506:AQ24VVZTiQpvSjd4jgDYkj,developmental process,panx1,1000.0,1000.0
bioprocess_protein,biological_process,gene/protein,kg4rd:31099,kg4rd:24145,:38671506:dXrnH4RACoBp3WmuunpXUG,regeneration,panx1,1000.0,1000.0
disease_protein,disease,gene/protein,kg4rd:10679,kg4rd:24145,:38671506:Moc6LL9dgJJZtheoAMgcgx,duchenne muscular dystrophy,panx1,1000.0,1000.0
bioprocess_protein,biological_process,gene/protein,kg4rd:43696,kg4rd:24145,:38671506:A7U3UFJVDBXpg9DkS59ZdU,dedifferentiation,panx1,93.75,1000.0
phenotype_phenotype,effect/phenotype,effect/phenotype,kg4rd:9113,kg4rd:2791,:38658324:cMgmaU9AZiiems9gpWxstX,diaphragmatic weakness,hypoventilation,1000.0,1000.0
disease_phenotype_positive,disease,effect/phenotype,kg4rd:10679,kg4rd:12719,:38658324:jdcyUm87G6TDzjRSnXsTS9,duchenne muscular dystrophy,functional abnormality of the gastrointestinal tract,1000.0,85.71428571428572
disease_phenotype_positive,disease,effect/phenotype,kg4rd:10311,kg4rd:3677,:38653179:TTFXC2LZN85u5i8N7Ycie8,becker muscular dystrophy,slowly progressive,1000.0,94.11764705882352
disease_phenotype_positive,disease,effect/phenotype,kg4rd:10679,kg4rd:4798,:38651673:EbL7KRyN6aXnRbt8C9uv7z,duchenne muscular dystrophy,recurrent infection of the gastrointestinal tract,1000.0,85.71428571428572
disease_phenotype_positive,disease,effect/phenotype,kg4rd:10679,kg4rd:2664,:38646787:enQ2h4XaEq94it4FckWED9,duchenne muscular dystrophy,neoplasm,1000.0,90.9090909090909
disease_phenotype_positive,disease,effect/phenotype,kg4rd:10679,kg4rd:2859,:38646787:K3cqFbT7iT6mebo6sSJ2hd,duchenne muscular dystrophy,rhabdomyosarcoma,1000.0,1000.0
disease_phenotype_positive,disease,effect/phenotype,kg4rd:10679,kg4rd:25169,:38637619:V9VhJaqdedxBSoKqi7fjkE,duchenne muscular dystrophy,left ventricular systolic dysfunction,1000.0,93.67088607594937
disease_phenotype_positive,disease,effect/phenotype,kg4rd:10679,kg4rd:31860,:38637619:9VPAXnfGgE3j6dHWkBNEBT,duchenne muscular dystrophy,abnormal heart rate variability,1000.0,87.32394366197182
disease_phenotype_positive,disease,effect/phenotype,kg4rd:10679,kg4rd:1649,:38637619:SM64sUhQ9x3YqBxjBVAAnr,duchenne muscular dystrophy,tachycardia,1000.0,1000.0
disease_phenotype_positive,disease,effect/phenotype,kg4rd:10679,kg4rd:8151,:38637619:hRhfCCfKx3ht8YRy2wFi5n,duchenne muscular dystrophy,prolonged prothrombin time,1000.0,91.66666666666666
disease_phenotype_positive,disease,effect/phenotype,kg4rd:10679,kg4rd:5165,:38637619:T5cqBMqo2qMUsURQEESmjU,duchenne muscular dystrophy,shortened pr interval,1000.0,97.67441860465115
disease_phenotype_positive,disease,effect/phenotype,kg4rd:10679,kg4rd:4308,:38637619:RJzH9MASYRLBbmhPcfpx3Z,duchenne muscular dystrophy,ventricular arrhythmia,1000.0,1000.0
disease_disease,disease,disease,kg4rd:10679,kg4rd:43218,:38630313:HW2AZf4AofMjRuZSv8vC9z,duchenne muscular dystrophy,neurovascular disorder,1000.0,90.9090909090909
disease_disease,disease,disease,kg4rd:10679,kg4rd:5249,:38630313:64DymYQVwKxWvMtC6SF8EY,duchenne muscular dystrophy,pneumonia,1000.0,1000.0
disease_protein,disease,gene/protein,kg4rd:9047,kg4rd:347527,:38621993:CYGHsMYLNjTqB5Pq4vo2qv,cryptorchidism,arsh,1000.0,1000.0
disease_protein,disease,gene/protein,kg4rd:9047,kg4rd:4103,:38621993:nLbecxwPzv76p2NxrVUP5S,cryptorchidism,magea4,1000.0,1000.0
disease_protein,disease,gene/protein,kg4rd:9047,kg4rd:357,:38621993:iwJcqJAYXKgf3p6WBzayvi,cryptorchidism,shroom2,1000.0,1000.0
disease_protein,disease,gene/protein,kg4rd:9047,kg4rd:8287,:38621993:gc5r25UUF6bCCrNhQo84bC,cryptorchidism,usp9y,1000.0,1000.0
disease_protein,disease,gene/protein,kg4rd:9047,kg4rd:63035,:38621993:6ZuKV8ovA6gd6Woj2kUbyc,cryptorchidism,bcorl1,1000.0,1000.0
disease_phenotype_positive,disease,effect/phenotype,kg4rd:10679,kg4rd:3700,:38602028:2udcsgqR4GVaRB2LLUG8qx,duchenne muscular dystrophy,generalized amyotrophy,1000.0,88.88888888888889
disease_phenotype_positive,disease,effect/phenotype,kg4rd:10679,kg4rd:12649,:38602028:kkofzaPGW4s6peoJqCQgLh,duchenne muscular dystrophy,increased inflammatory response,1000.0,85.24590163934427
disease_disease,disease,disease,kg4rd:10311,kg4rd:19056,:38574384:SLiwZU5L7SsNKwqA7naGcb,becker muscular dystrophy,neuromuscular disease,92.5925925925926,1000.0
disease_phenotype_positive,disease,effect/phenotype,kg4rd:1010441,kg4rd:3287,:38564291:dhG6KzREcjyeUpaomCDv5t,"cardiomyopathy, dog",abnormality of mitochondrial metabolism,88.88888888888889,1000.0
disease_protein,disease,gene/protein,kg4rd:1010441,kg4rd:6588,:38564291:DycLDRry3JZQhGLJBJZLUu,"cardiomyopathy, dog",sln,88.88888888888889,1000.0
disease_phenotype_positive,disease,effect/phenotype,kg4rd:10679,kg4rd:34314,:38556893:Qr6pH27cTvJULoxuAGSGpN,duchenne muscular dystrophy,abnormal left ventricular ejection fraction,1000.0,87.5
disease_phenotype_positive,disease,effect/phenotype,kg4rd:10679,kg4rd:32263,:38556332:hE9hxHD47mSPwqUp9AxvWg,duchenne muscular dystrophy,increased blood pressure,1000.0,86.27450980392157
disease_phenotype_positive,disease,effect/phenotype,kg4rd:10679,kg4rd:1288,:38552411:fHHAMuvoadGqdVg8mtChdw,duchenne muscular dystrophy,gait disturbance,1000.0,90.9090909090909
disease_protein,disease,gene/protein,kg4rd:10679,kg4rd:51562,:38530354:BShNi4x8YS8X4zzw2jSKjK,duchenne muscular dystrophy,mbip,1000.0,85.71428571428572
disease_phenotype_positive,disease,effect/phenotype,kg4rd:10651,kg4rd:3713,:38507466:DWW3aGK2VzJeeqD8TQh4AU,menkes disease,muscle fiber necrosis,1000.0,1000.0
phenotype_protein,effect/phenotype,gene/protein,kg4rd:1699,kg4rd:1756,:38484964:Aj6R7jcdTaqAfYZCP4Tps5,sudden death,dmd,1000.0,1000.0
disease_phenotype_positive,disease,effect/phenotype,kg4rd:10679,kg4rd:1903,:38436872:FsvSqVMmfjqqhCYiKeEUJS,duchenne muscular dystrophy,anemia,1000.0,1000.0
disease_protein,disease,gene/protein,kg4rd:20121,kg4rd:2274,:38431640:ADV7i4YC3hUZCWr6zyLHn5,muscular dystrophy,fhl2,89.47368421052632,1000.0
disease_phenotype_positive,disease,effect/phenotype,kg4rd:10679,kg4rd:33755,:38378283:3Ye8boFeznkTdfEZqR6CQm,duchenne muscular dystrophy,increased left ventricular end-diastolic volume,1000.0,91.11111111111111
phenotype_protein,effect/phenotype,gene/protein,kg4rd:3677,kg4rd:1756,:38363616:e8Kgwr9Nbx8VMYnB45NPF2,slowly progressive,dmd,88.37209302325581,1000.0
disease_disease,disease,disease,kg4rd:5021,kg4rd:10679,:38363615:a6QrvA52MyoPxzjavp8qjk,dilated cardiomyopathy,duchenne muscular dystrophy,91.66666666666666,93.10344827586206
anatomy_protein_absent,anatomy,gene/protein,kg4rd:2349,kg4rd:27306,:38339125:SripQBq6KwC5WUEAtWBt4K,myocardium,hpgds,1000.0,1000.0
disease_protein,disease,gene/protein,kg4rd:10679,kg4rd:27306,:38339125:dfPE4BpQHWksDv4aLy2CcQ,duchenne muscular dystrophy,hpgds,1000.0,1000.0
disease_protein,disease,gene/protein,kg4rd:10311,kg4rd:1490,:38336890:afxw3MHPY8oZW3CMcufZHs,becker muscular dystrophy,ccn2,1000.0,1000.0
disease_phenotype_positive,disease,effect/phenotype,kg4rd:10311,kg4rd:9067,:38324931:7pUKy8iZESuyvHdBod6hVn,becker muscular dystrophy,progressive spinal muscular atrophy,1000.0,89.85507246376811
disease_phenotype_positive,disease,effect/phenotype,kg4rd:10311,kg4rd:25406,:38324931:AShJ74HjdCsEXWffmJTRzh,becker muscular dystrophy,asthenia,1000.0,1000.0
bioprocess_protein,biological_process,gene/protein,kg4rd:35148,kg4rd:928,:38282008:gtMfoTkceNdE8nECsyLJUR,tube formation,cd9,90.32258064516128,85.71428571428572
disease_protein,disease,gene/protein,kg4rd:10679,kg4rd:3676,:38271438:9euQEMkQqoZmh6HzuDz8i6,duchenne muscular dystrophy,itga4,1000.0,1000.0
phenotype_protein,effect/phenotype,gene/protein,kg4rd:25406,kg4rd:3676,:38271438:5W4LVf6ZZmzykH42X5jp7x,asthenia,itga4,93.33333333333333,1000.0
disease_protein,disease,gene/protein,kg4rd:10679,kg4rd:4842,:38270932:5Bt2VVCTdaNvsGQ6AGFkPk,duchenne muscular dystrophy,nos1,93.10344827586206,1000.0
disease_phenotype_positive,disease,effect/phenotype,kg4rd:5021,kg4rd:1635,:38240762:kTTjMLqsPeGJFM8xCBuEF5,dilated cardiomyopathy,heart failure,91.66666666666666,1000.0
disease_phenotype_positive,disease,effect/phenotype,kg4rd:10311,kg4rd:25169,:38240762:mBkhmYBWqKVkpngQAFgn9j,becker muscular dystrophy,left ventricular systolic dysfunction,1000.0,96.1038961038961
bioprocess_protein,biological_process,gene/protein,kg4rd:51664,kg4rd:7942,:38228650:XqhJ79xgkfWykh5pcuTpsH,nuclear pore localization,tfeb,86.79245283018868,1000.0
disease_phenotype_positive,disease,effect/phenotype,kg4rd:10679,kg4rd:230,:38193355:6wJFX7e4zWkGC4NUvWEFa5,duchenne muscular dystrophy,gingivitis,1000.0,1000.0
disease_phenotype_positive,disease,effect/phenotype,kg4rd:10679,kg4rd:100812,:38193355:6dMuA4wvBXMASTxDgtV5yD,duchenne muscular dystrophy,halitosis,1000.0,1000.0
disease_phenotype_positive,disease,effect/phenotype,kg4rd:10679,kg4rd:689,:38193355:TV83PEGEUzBVP4HjkBbDNu,duchenne muscular dystrophy,dental malocclusion,1000.0,96.0
disease_phenotype_positive,disease,effect/phenotype,kg4rd:20121,kg4rd:5237,:38180235:PhKE2Vfc3HNQs2UoJshpyi,muscular dystrophy,degenerative liver disease,89.47368421052632,85.18518518518519
disease_protein,disease,gene/protein,kg4rd:10679,kg4rd:960,:38179963:fNBTpCUTPyVApfV7xWGUsb,duchenne muscular dystrophy,cd44,1000.0,1000.0
disease_protein,disease,gene/protein,kg4rd:10679,kg4rd:1894,:38179963:dEDKVZ5tkDQ6GiTjyhgroh,duchenne muscular dystrophy,ect2,1000.0,1000.0
disease_protein,disease,gene/protein,kg4rd:10679,kg4rd:7298,:38179963:Xn8d98c6vUy9kXBWNXHfbP,duchenne muscular dystrophy,tyms,1000.0,1000.0
disease_protein,disease,gene/protein,kg4rd:10679,kg4rd:54551,:38179963:8vTaya5kQ6SeVwCfJwsx2V,duchenne muscular dystrophy,magel2,1000.0,1000.0
disease_protein,disease,gene/protein,kg4rd:10679,kg4rd:3108,:38179963:39EYsMVEMNDAxuuZF7o3r9,duchenne muscular dystrophy,hla-dma,1000.0,1000.0
disease_protein,disease,gene/protein,kg4rd:10679,kg4rd:871,:38179963:2rhUcnnVddqoHJ7qy3AKQb,duchenne muscular dystrophy,serpinh1,1000.0,1000.0
disease_protein,disease,gene/protein,kg4rd:10679,kg4rd:7139,:38179963:hMsmd8oHcvCitezFHZpiRb,duchenne muscular dystrophy,tnnt2,1000.0,1000.0
disease_protein,disease,gene/protein,kg4rd:10679,kg4rd:51676,:38179963:6nEFoAZcJuBJTQwwb7p5ry,duchenne muscular dystrophy,asb2,1000.0,1000.0
disease_protein,disease,gene/protein,kg4rd:10679,kg4rd:55214,:38179963:ZqEpVTmjhUi58kPDoJk6Tr,duchenne muscular dystrophy,p3h2,1000.0,1000.0
disease_protein,disease,gene/protein,kg4rd:10679,kg4rd:1293,:38165583:bStxR7JUXA2AAWjZ7CFvfD,duchenne muscular dystrophy,col6a3,1000.0,1000.0
disease_protein,disease,gene/protein,kg4rd:10679,kg4rd:1277,:38165583:ZSRYmi6gacbt4TBithciVH,duchenne muscular dystrophy,col1a1,1000.0,1000.0
disease_protein,disease,gene/protein,kg4rd:10679,kg4rd:1281,:38165583:Ajqb9pc35rhhAuyv5MHSjS,duchenne muscular dystrophy,col3a1,1000.0,1000.0
disease_protein,disease,gene/protein,kg4rd:10679,kg4rd:1278,:38165583:Cc2ob9k9WcDo4nCo66tmnR,duchenne muscular dystrophy,col1a2,1000.0,1000.0
disease_protein,disease,gene/protein,kg4rd:10679,kg4rd:7076,:38165583:JXbyAQkAbEbYee7o8vg98z,duchenne muscular dystrophy,timp1,1000.0,1000.0
disease_protein,disease,gene/protein,kg4rd:10679,kg4rd:7058,:38165583:JP4Xnv7ZxaLBCKnaqqTCvy,duchenne muscular dystrophy,thbs2,1000.0,1000.0
disease_protein,disease,gene/protein,kg4rd:10679,kg4rd:6696,:38165583:cJTxguhJMAHdDKffrjos9h,duchenne muscular dystrophy,spp1,1000.0,1000.0
disease_disease,disease,disease,kg4rd:5298,kg4rd:10679,:38165327:9S47bCjVjcqff8oynMfggw,osteoporosis,duchenne muscular dystrophy,1000.0,93.10344827586206
disease_protein,disease,gene/protein,kg4rd:10679,kg4rd:1029,:38146684:Dk6WzDRo3nCcB6J4fbaH3U,duchenne muscular dystrophy,cdkn2a,1000.0,1000.0
disease_protein,disease,gene/protein,kg4rd:10311,kg4rd:1029,:38146684:iFzYAkEZr2b3jpcCAup39D,becker muscular dystrophy,cdkn2a,1000.0,1000.0
anatomy_protein_present,anatomy,gene/protein,kg4rd:5090,kg4rd:1029,:38146684:3yRcThU2CtLJon5izZNzpX,muscle structure,cdkn2a,1000.0,1000.0
disease_disease,disease,disease,kg4rd:10679,kg4rd:5267,:38099842:6ovLicCxpTbYxBHJzT3xky,duchenne muscular dystrophy,heart disorder,1000.0,1000.0
disease_phenotype_positive,disease,effect/phenotype,kg4rd:10679,kg4rd:33677,:38096597:WuHXu53rHxvi82ktwCHy6n,duchenne muscular dystrophy,acute respiratory distress syndrome,1000.0,90.9090909090909
disease_protein,disease,gene/protein,kg4rd:10679,kg4rd:30061,:38078368:a5WMG7pmf4nYPyh6SuhwDi,duchenne muscular dystrophy,slc40a1,1000.0,91.66666666666666
disease_protein,disease,gene/protein,kg4rd:10679,kg4rd:2495,:38078368:axk9TJ4eVTGhwUhnXkuibX,duchenne muscular dystrophy,fth1,1000.0,88.88888888888889
disease_protein,disease,gene/protein,kg4rd:10679,kg4rd:7037,:38078368:jcBHbecD58sVFeh8AD5TyW,duchenne muscular dystrophy,tfrc,1000.0,1000.0
disease_phenotype_positive,disease,effect/phenotype,kg4rd:10679,kg4rd:7269,:37980539:bJGgt6aD3YiEQt5asxK6Mt,duchenne muscular dystrophy,spinal muscular atrophy,1000.0,85.18518518518519
disease_phenotype_positive,disease,effect/phenotype,kg4rd:10311,kg4rd:772,:37945525:WY9BssVz8vqGEZP9YoYTsm,becker muscular dystrophy,abnormal rib morphology,1000.0,88.88888888888889
anatomy_protein_present,anatomy,gene/protein,kg4rd:14895,kg4rd:3908,:37933889:Uo3NV85yrsTDzJsBpLnqFi,"somatic muscle, invertebrate",lama2,96.7741935483871,1000.0
disease_phenotype_positive,disease,effect/phenotype,kg4rd:11925,kg4rd:9830,:37933889:UyvjSLKb5yDQefSVW9Cgqn,congenital merosin-deficient muscular dystrophy 1a,peripheral neuropathy,1000.0,1000.0
disease_phenotype_positive,disease,effect/phenotype,kg4rd:11925,kg4rd:6001147,:37933889:jmR5jWZ9qcfzgNDqWHJc5C,congenital merosin-deficient muscular dystrophy 1a,increased peripheral nerve cross sectional area,1000.0,85.71428571428572
disease_phenotype_positive,disease,effect/phenotype,kg4rd:11925,kg4rd:3198,:37933889:EWSAntKrhX353Dn5Xvxwzx,congenital merosin-deficient muscular dystrophy 1a,myopathy,1000.0,1000.0
phenotype_protein,effect/phenotype,gene/protein,kg4rd:365,kg4rd:5456,:37929330:5fZjuh5bpVjkiR22D39CEP,hearing impairment,pou3f4,1000.0,1000.0
disease_phenotype_positive,disease,effect/phenotype,kg4rd:10679,kg4rd:1639,:37909859:aVQVHDxCBgTTxcdjnsNaWG,duchenne muscular dystrophy,hypertrophic cardiomyopathy,1000.0,1000.0
bioprocess_protein,biological_process,gene/protein,kg4rd:97528,kg4rd:8737,:37909859:eyiKcbq4sjZWsSWGao6YLn,execution phase of necroptosis,ripk1,1000.0,91.13924050632912
anatomy_protein_present,anatomy,gene/protein,kg4rd:1103,kg4rd:11035,:37909859:29V8JoThX4Wv7DirpKL8Fw,diaphragm,ripk3,1000.0,1000.0
disease_phenotype_positive,disease,effect/phenotype,kg4rd:10679,kg4rd:4302,:37889296:micMeobumsLmr36JmyA2mQ,duchenne muscular dystrophy,functional motor deficit,1000.0,87.5
disease_phenotype_positive,disease,effect/phenotype,kg4rd:43218,kg4rd:12037,:37856057:CYuFLwEjensxSjxoqTf4AR,neurovascular disorder,pectoralis amyotrophy,88.88888888888889,90.9090909090909
disease_phenotype_positive,disease,effect/phenotype,kg4rd:43797,kg4rd:2747,:37844796:Yxv7uQrxXeriKUGyYTiHhe,spinal cord injury,respiratory insufficiency due to muscle weakness,1000.0,1000.0
disease_phenotype_positive,disease,effect/phenotype,kg4rd:10679,kg4rd:100613,:37740996:nLPjFVU7gPvj2hUhcyfXhW,duchenne muscular dystrophy,death in early adulthood,1000.0,1000.0
disease_phenotype_positive,disease,effect/phenotype,kg4rd:10679,kg4rd:11947,:37724986:TEGXmWBfcgc9zhimcievs6,duchenne muscular dystrophy,respiratory tract infection,1000.0,1000.0
disease_phenotype_positive,disease,effect/phenotype,kg4rd:10679,kg4rd:31371,:37724986:NPZktYs6EZMp3fi6SV6yuB,duchenne muscular dystrophy,rectal perforation,1000.0,1000.0
disease_phenotype_positive,disease,effect/phenotype,kg4rd:10679,kg4rd:1942,:37724986:3RSWU9eLWWvJtTFEegZNzd,duchenne muscular dystrophy,metabolic acidosis,1000.0,1000.0
disease_protein,disease,gene/protein,kg4rd:8056,kg4rd:1756,:37666691:PwpWBPohBfBvWrDyRcUsGP,myotonic dystrophy,dmd,1000.0,1000.0
disease_disease,disease,disease,kg4rd:5252,kg4rd:4992,:37628775:CZPu6CeNmm2oJgwcrNTgeA,heart failure,cancer,1000.0,1000.0
phenotype_protein,effect/phenotype,gene/protein,kg4rd:2505,kg4rd:1756,:37602688:e2rtoKVDab2NVdXcQyks2N,loss of ambulation,dmd,1000.0,1000.0
disease_protein,disease,gene/protein,kg4rd:19079,kg4rd:6606,:37596438:Lj7HNUgog6vntwfGA8q3cF,proximal spinal muscular atrophy,smn1,1000.0,1000.0
phenotype_phenotype,effect/phenotype,effect/phenotype,kg4rd:25169,kg4rd:12719,:37581390:YnSyvBjmptjjacE5wVYj22,left ventricular systolic dysfunction,functional abnormality of the gastrointestinal tract,1000.0,85.71428571428572
disease_phenotype_positive,disease,effect/phenotype,kg4rd:10679,kg4rd:3199,:37545256:NoRjDccqtq5Xx3xrXQyS47,duchenne muscular dystrophy,decreased muscle mass,1000.0,1000.0
disease_phenotype_positive,disease,effect/phenotype,kg4rd:10679,kg4rd:2721,:37545256:8ENgW6YqUqXbfEiMXWU4mE,duchenne muscular dystrophy,immunodeficiency,1000.0,88.0
disease_phenotype_positive,disease,effect/phenotype,kg4rd:10679,kg4rd:2942,:37482906:P9oSpFioWMmVkmdu54WPLx,duchenne muscular dystrophy,thoracic kyphosis,1000.0,1000.0
disease_phenotype_positive,disease,effect/phenotype,kg4rd:10679,kg4rd:2938,:37482906:3e8ZUaGdhUwx2wzAmHwfi3,duchenne muscular dystrophy,lumbar hyperlordosis,1000.0,1000.0
disease_phenotype_positive,disease,effect/phenotype,kg4rd:10679,kg4rd:9063,:37481234:N3E7545is5Mf4G2gbc5EG2,duchenne muscular dystrophy,progressive distal muscle weakness,1000.0,90.14084507042254
disease_phenotype_positive,disease,effect/phenotype,kg4rd:10679,kg4rd:2354,:37415288:YitRFPKGE4Dy8AJHxjkSM9,duchenne muscular dystrophy,memory impairment,1000.0,97.14285714285714
phenotype_phenotype,effect/phenotype,effect/phenotype,kg4rd:10807,kg4rd:689,:37334614:33qXkhRQmCz8ZEY4V3Pgau,open bite,dental malocclusion,1000.0,1000.0
disease_phenotype_positive,disease,effect/phenotype,kg4rd:19056,kg4rd:10807,:37334614:U5nYXYjfonqUZ2ZKhAAdcf,neuromuscular disease,open bite,97.67441860465115,1000.0
phenotype_phenotype,effect/phenotype,effect/phenotype,kg4rd:9102,kg4rd:1252,:37334614:VKHSFhft5F6LceVWAPdvV7,anterior open-bite malocclusion,hypotonia,85.71428571428572,86.48648648648648
bioprocess_protein,biological_process,gene/protein,kg4rd:16236,kg4rd:50650,:37311604:8fxgsCuNU3j5B3pjbRhjxF,macroautophagy,arhgef3,1000.0,1000.0
bioprocess_protein,biological_process,gene/protein,kg4rd:16236,kg4rd:6093,:37311604:6M7L76YoDUfe5AdZbFKd8V,macroautophagy,rock1,1000.0,88.88888888888889
disease_protein,disease,gene/protein,kg4rd:10679,kg4rd:50650,:37311604:CtUfdw7h4fH8EAU2Nd9bwr,duchenne muscular dystrophy,arhgef3,1000.0,1000.0
disease_phenotype_positive,disease,effect/phenotype,kg4rd:10679,kg4rd:12037,:37239853:FeFtogaXVem4Xxabgm2ahf,duchenne muscular dystrophy,pectoralis amyotrophy,1000.0,90.0
disease_protein,disease,gene/protein,kg4rd:5212,kg4rd:5324,:37163936:MhtPbHEqCTXrTWjBroJdpZ,rhabdomyosarcoma,plag1,88.88888888888889,1000.0
disease_protein,disease,gene/protein,kg4rd:10399,kg4rd:2710,:37091526:Knhydz3YWgCLkJmYdAXd2U,chromosome xp21 deletion syndrome,gk,1000.0,1000.0
disease_protein,disease,gene/protein,kg4rd:10399,kg4rd:190,:37091526:FEinLDy8q8gktBexmVBQcF,chromosome xp21 deletion syndrome,nr0b1,1000.0,1000.0
disease_disease,disease,disease,kg4rd:10679,kg4rd:7743,:37084967:7cdJSQgqPLQTf6TTSPmqYr,duchenne muscular dystrophy,attention deficit-hyperactivity disorder,1000.0,100.0
disease_phenotype_positive,disease,effect/phenotype,kg4rd:20121,kg4rd:10535,:37072321:P2vdRB4gyR8pTgju9gtDzK,muscular dystrophy,sleep apnea,1000.0,1000.0
disease_phenotype_positive,disease,effect/phenotype,kg4rd:20121,kg4rd:2791,:37072321:2fkA4SDEJaqWE9S9QnbGSw,muscular dystrophy,hypoventilation,1000.0,1000.0
disease_disease,disease,disease,kg4rd:20121,kg4rd:8056,:37072321:KBvGAgRG3GzdXmuMhHkzvM,muscular dystrophy,myotonic dystrophy type 1,1000.0,95.45454545454545
disease_phenotype_positive,disease,effect/phenotype,kg4rd:8056,kg4rd:10535,:37072321:9oZLHS7UzCKcVZwPMeZagq,myotonic dystrophy type 1,sleep apnea,95.45454545454545,1000.0
disease_phenotype_positive,disease,effect/phenotype,kg4rd:44875,kg4rd:2791,:37072321:PmQE4izu49CBRszaXUQdcC,coronary microvascular disorder,hypoventilation,1000.0,1000.0
disease_phenotype_positive,disease,effect/phenotype,kg4rd:16367,kg4rd:2791,:37072321:Yadayp3a3oWHqCs9ws6q8i,dermatomyositis,hypoventilation,1000.0,1000.0
disease_phenotype_positive,disease,effect/phenotype,kg4rd:10651,kg4rd:5200283,:37072321:YHyY53hkjQfH2yvxCpE3AH,menkes disease,sleep-related breathing disorders,1000.0,88.13559322033898
disease_phenotype_positive,disease,effect/phenotype,kg4rd:10651,kg4rd:2747,:37072321:bo6SsjrHnVwfecP4m5Rksy,menkes disease,respiratory insufficiency due to muscle weakness,1000.0,1000.0
bioprocess_protein,biological_process,gene/protein,kg4rd:40007,kg4rd:6885,:37071470:oMAuJnAS9R6L8oLnRngCnG,growth,map3k7,1000.0,1000.0
disease_protein,disease,gene/protein,kg4rd:10679,kg4rd:6885,:37071470:SixG5kw88wyBkdBjgGETBg,duchenne muscular dystrophy,map3k7,1000.0,1000.0
disease_phenotype_positive,disease,effect/phenotype,kg4rd:10679,kg4rd:2203,:37063046:BZtnsRXaqvJLrxRmbwjNy2,duchenne muscular dystrophy,respiratory paralysis,1000.0,1000.0
disease_phenotype_positive,disease,effect/phenotype,kg4rd:10679,kg4rd:1036,:37063046:JcnEuhdHgdBbiU78LABA3M,duchenne muscular dystrophy,parakeratosis,1000.0,1000.0
disease_phenotype_positive,disease,effect/phenotype,kg4rd:10679,kg4rd:6001166,:37063046:YjapgaXNcvtrjgL9Jf9fN2,duchenne muscular dystrophy,spongiosis,1000.0,1000.0
disease_phenotype_positive,disease,effect/phenotype,kg4rd:16147,kg4rd:11675,:37032434:PgJmBiZ8i6i8sEqEt3VmCq,qualitative or quantitative defects of dystrophin,arrhythmia,88.23529411764706,1000.0
disease_disease,disease,disease,kg4rd:10679,kg4rd:16620,:37011981:NNVkqbrwNTiimXpKgxDa9z,duchenne muscular dystrophy,primary hypertrophic osteoarthropathy,1000.0,87.87878787878788
disease_disease,disease,disease,kg4rd:10679,kg4rd:19079,:37011981:LtdSadu2Wb7qvimceRTMkA,duchenne muscular dystrophy,proximal spinal muscular atrophy,1000.0,1000.0
disease_disease,disease,disease,kg4rd:10679,kg4rd:10383,:37011981:LT4amt5J6T3akMubLNJnFB,duchenne muscular dystrophy,fragile x syndrome,1000.0,1000.0
disease_disease,disease,disease,kg4rd:10679,kg4rd:11305,:37011981:HpwETAw9YXPBxa9oEeS44y,duchenne muscular dystrophy,cerebral cavernous malformation 3,1000.0,1000.0
disease_disease,disease,disease,kg4rd:10311,kg4rd:16620,:37011981:8AgZ4VHhxpHYDWB9onkknt,becker muscular dystrophy,primary hypertrophic osteoarthropathy,1000.0,87.87878787878788
disease_disease,disease,disease,kg4rd:10311,kg4rd:19079,:37011981:8WDBaxny48seSD6VgvWxDG,becker muscular dystrophy,proximal spinal muscular atrophy,1000.0,1000.0
disease_disease,disease,disease,kg4rd:10311,kg4rd:10383,:37011981:59LarZQf2jaot3gGf2zpoY,becker muscular dystrophy,fragile x syndrome,1000.0,1000.0
disease_disease,disease,disease,kg4rd:10311,kg4rd:11305,:37011981:2nQohsNncJ9gT8WCRdwVev,becker muscular dystrophy,cerebral cavernous malformation 3,1000.0,1000.0
disease_disease,disease,disease,kg4rd:13591,kg4rd:18975,:37011981:c3ikGKx2HpGqtmUN5SSp7T,"epiphyseal dysplasia, multiple, 6",neurofibromatosis type 1,100.0,1000.0
disease_disease,disease,disease,kg4rd:24530,kg4rd:14086,:37011981:4U6GxzrtUveMjwRcanA97H,bethlem myopathy 1a,osteogenesis imperfecta type 15,1000.0,1000.0
disease_disease,disease,disease,kg4rd:12020,kg4rd:8026,:37011981:TVCkg4aWAfYXmsBio4Zsfa,chromosome 22q11.2 microduplication syndrome,autosomal dominant childhood-onset proximal spinal muscular atrophy without contractures,1000.0,100.0
bioprocess_protein,biological_process,gene/protein,kg4rd:6936,kg4rd:4644,:36995778:PuKsJADsrHbepn3qQYG73J,muscle contraction,myo5a,1000.0,85.71428571428572
disease_phenotype_positive,disease,effect/phenotype,kg4rd:10679,kg4rd:2615,:36980233:9BmfTTwvxBHT5MjuJMv3ks,duchenne muscular dystrophy,hypotension,1000.0,1000.0
disease_protein,disease,gene/protein,kg4rd:10679,kg4rd:54465,:36935420:L9hQfqsow4wh9Lu3pCCMJe,duchenne muscular dystrophy,etaa1,1000.0,1000.0
disease_protein,disease,gene/protein,kg4rd:10679,kg4rd:84552,:36935420:bYP7vnCdFXJ9GmadZKd8vA,duchenne muscular dystrophy,pard6g,1000.0,1000.0
disease_protein,disease,gene/protein,kg4rd:10679,kg4rd:442117,:36935420:e63bnxCatZ4dvZQXUhdiEA,duchenne muscular dystrophy,galntl6,1000.0,1000.0
disease_protein,disease,gene/protein,kg4rd:10679,kg4rd:4121,:36935420:DyeKCY8ds4Uspt45rj5kxj,duchenne muscular dystrophy,man1a1,1000.0,1000.0
disease_protein,disease,gene/protein,kg4rd:10679,kg4rd:171019,:36935420:FJZbgE6KxcWrbk9UJSFjn4,duchenne muscular dystrophy,adamts19,1000.0,1000.0
disease_protein,disease,gene/protein,kg4rd:10679,kg4rd:83988,:36935420:mRNxjPAQ6EW4X6Zgm2oStR,duchenne muscular dystrophy,ncald,1000.0,1000.0
anatomy_protein_present,anatomy,gene/protein,kg4rd:1015,kg4rd:7402,:36905929:WUdE4Ea5ztpAjqyttR6sKE,musculature,utrn,1000.0,1000.0
disease_protein,disease,gene/protein,kg4rd:35432,kg4rd:825,:36833417:Du2Xa853oWkbmyJf5TQbqg,pomgnt2-related limb-girdle muscular dystrophy r24,capn3,96.1038961038961,1000.0
disease_phenotype_positive,disease,effect/phenotype,kg4rd:10679,kg4rd:3690,:36814107:EB6WRXTHVPytx4BHJ9P36B,duchenne muscular dystrophy,limb muscle weakness,1000.0,86.66666666666667
disease_phenotype_positive,disease,effect/phenotype,kg4rd:10679,kg4rd:4000004,:36793101:JGpv4Vb9F9xGXPzRS87H8Q,duchenne muscular dystrophy,myocardial late gadolinium enhancement,1000.0,95.0
disease_protein,disease,gene/protein,kg4rd:10679,kg4rd:361,:36675000:SGrFAuyxgDx5WAzcerSrHA,duchenne muscular dystrophy,aqp4,93.10344827586206,1000.0
disease_protein,disease,gene/protein,kg4rd:16140,kg4rd:361,:36675000:9GCqQ6JoyyoYD3uNwG4J36,sarcoglycanopathy,aqp4,88.88888888888889,1000.0
disease_protein,disease,gene/protein,kg4rd:16145,kg4rd:361,:36675000:VjrpYyNqXw8Q7X8wxJAHJb,qualitative or quantitative defects of dysferlin,aqp4,87.5,1000.0
disease_protein,disease,gene/protein,kg4rd:10679,kg4rd:358,:36675000:VqYe2Ttnbopw6ujTaL6g25,duchenne muscular dystrophy,aqp1,1000.0,1000.0
bioprocess_protein,biological_process,gene/protein,kg4rd:3009,kg4rd:361,:36675000:65YKb6Gr7Kke5Yub5ctnjD,skeletal muscle contraction,aqp4,86.27450980392157,1000.0
disease_protein,disease,gene/protein,kg4rd:10679,kg4rd:29108,:36619896:n2faRYuQYho6RtHaHBNDLY,duchenne muscular dystrophy,pycard,93.10344827586206,1000.0
disease_protein,disease,gene/protein,kg4rd:10679,kg4rd:8767,:36619896:XTTwbPfUsPAGiYzjCpdeST,duchenne muscular dystrophy,ripk2,93.10344827586206,1000.0
disease_protein,disease,gene/protein,kg4rd:10679,kg4rd:834,:36619896:nEZxdAZcgU7JV7shoEA2iF,duchenne muscular dystrophy,casp1,93.10344827586206,1000.0
disease_protein,disease,gene/protein,kg4rd:10679,kg4rd:5605,:36619896:MhvZbjrXhASwtCyvYUfpNu,duchenne muscular dystrophy,map2k2,93.10344827586206,1000.0
disease_protein,disease,gene/protein,kg4rd:10679,kg4rd:4060,:36619896:iedxdEwFkCtwNzPkYEefRR,duchenne muscular dystrophy,lum,93.10344827586206,1000.0
disease_protein,disease,gene/protein,kg4rd:10679,kg4rd:6194,:36619896:3hk4THYjC9hsvCcs8vVXrW,duchenne muscular dystrophy,rps6,93.10344827586206,1000.0
disease_protein,disease,gene/protein,kg4rd:10679,kg4rd:27250,:36619896:eyZMVJ33EGffnqx9sm4BGD,duchenne muscular dystrophy,pdcd4,93.10344827586206,1000.0
disease_protein,disease,gene/protein,kg4rd:10679,kg4rd:7291,:36619896:mucnuuHQ6fqvqrW4y9vHkN,duchenne muscular dystrophy,twist1,93.10344827586206,1000.0
disease_protein,disease,gene/protein,kg4rd:10679,kg4rd:3091,:36619896:hM3zTnrmio3wXxrj7R369v,duchenne muscular dystrophy,hif1a,93.10344827586206,1000.0
disease_protein,disease,gene/protein,kg4rd:10679,kg4rd:100419743,:36619896:HDPKSkAjHzajKyfKFx3bri,duchenne muscular dystrophy,dbet,93.10344827586206,1000.0
disease_protein,disease,gene/protein,kg4rd:10679,kg4rd:401093,:36619896:3xxZPdhDKVkreGMZQnNELk,duchenne muscular dystrophy,mbnl1-as1,93.10344827586206,1000.0
disease_protein,disease,gene/protein,kg4rd:10679,kg4rd:100128537,:36619896:o9GwL3AEKz2cSJZDn6EmRR,duchenne muscular dystrophy,mir29b2chg,93.10344827586206,1000.0
disease_protein,disease,gene/protein,kg4rd:10679,kg4rd:100131564,:36619896:JG3GWK7tE9n8X3AM4eWvF7,duchenne muscular dystrophy,ccdc18-as1,93.10344827586206,1000.0
disease_protein,disease,gene/protein,kg4rd:10679,kg4rd:101927204,:36619896:XZ5k3J7sKs4LLnDd6R3x2D,duchenne muscular dystrophy,fam111a-dt,93.10344827586206,1000.0
disease_protein,disease,gene/protein,kg4rd:10679,kg4rd:60674,:36619896:PrxcEKotAC8zhaRLHc6Kg3,duchenne muscular dystrophy,gas5,93.10344827586206,1000.0
disease_protein,disease,gene/protein,kg4rd:10679,kg4rd:106144584,:36619896:9oaHf8FgUfKS5kSos7BmDD,duchenne muscular dystrophy,linc01290,93.10344827586206,1000.0
disease_protein,disease,gene/protein,kg4rd:10679,kg4rd:338758,:36619896:WikUqu4NyBgN9Wg4h5ntGP,duchenne muscular dystrophy,atp2b1-as1,93.10344827586206,1000.0
disease_protein,disease,gene/protein,kg4rd:10679,kg4rd:100507463,:36619896:giGeDrU7YUq5h8RTdeb8sj,duchenne muscular dystrophy,psmb8-as1,93.10344827586206,1000.0
bioprocess_protein,biological_process,gene/protein,kg4rd:51493,kg4rd:10413,:36609344:LDs4zLpZTE3HDW6HDfHgPm,regulation of cytoskeleton organization,yap1,1000.0,1000.0
bioprocess_protein,biological_process,gene/protein,kg4rd:51493,kg4rd:6662,:36609344:PXuu2vqzcEd497vonAmTpm,regulation of cytoskeleton organization,sox9,1000.0,1000.0
bioprocess_protein,biological_process,gene/protein,kg4rd:51493,kg4rd:6010,:36609344:A5dRFa37i6xdPnw6uyzctx,regulation of cytoskeleton organization,rho,1000.0,1000.0
bioprocess_protein,biological_process,gene/protein,kg4rd:51493,kg4rd:84366,:36609344:M8SzKhpb5tFtSamroGcrnW,regulation of cytoskeleton organization,prac1,1000.0,85.71428571428572
bioprocess_protein,biological_process,gene/protein,kg4rd:51493,kg4rd:7471,:36609344:CaTj2udcjYnCLSmRKfhybW,regulation of cytoskeleton organization,wnt1,1000.0,85.71428571428572
bioprocess_protein,biological_process,gene/protein,kg4rd:51146,kg4rd:7026,:36597355:Vw9nFzoGZZZ4gZVV9kg3AC,striated muscle cell differentiation,nr2f2,90.41095890410959,88.88888888888889
phenotype_protein,effect/phenotype,gene/protein,kg4rd:25464,kg4rd:7026,:36597355:L6KDZ2wZ8YZS4o4zNp76hv,increased reactive oxygen species production,nr2f2,1000.0,88.88888888888889
bioprocess_protein,biological_process,gene/protein,kg4rd:32042,kg4rd:7026,:36597355:WrqbrEUZcoaBWz2PWTSQtT,mitochondrial dna metabolic process,nr2f2,92.3076923076923,88.88888888888889
bioprocess_protein,biological_process,gene/protein,kg4rd:6954,kg4rd:7026,:36597355:Fp3Gnnyta5p98hUbST5zMc,inflammatory response,nr2f2,1000.0,88.88888888888889
bioprocess_protein,biological_process,gene/protein,kg4rd:1525,kg4rd:7026,:36597355:h4aJh2S5GZPH8hoSB4tea9,angiogenesis,nr2f2,1000.0,88.88888888888889
disease_protein,disease,gene/protein,kg4rd:10679,kg4rd:710,:36596079:cqjqvUi7QMkNMabf74qhqE,duchenne muscular dystrophy,serping1,1000.0,1000.0
disease_protein,disease,gene/protein,kg4rd:10679,kg4rd:2162,:36596079:cavZUdase8s6wYtgsMN6u3,duchenne muscular dystrophy,f13a1,1000.0,1000.0
disease_protein,disease,gene/protein,kg4rd:10679,kg4rd:716,:36596079:kRneMxkoNtfwsVbhncDm7s,duchenne muscular dystrophy,c1s,1000.0,1000.0
disease_protein,disease,gene/protein,kg4rd:10679,kg4rd:715,:36596079:UNXxNtkbqs4bM8FKZFbY7k,duchenne muscular dystrophy,c1r,1000.0,1000.0
disease_protein,disease,gene/protein,kg4rd:10679,kg4rd:3113,:36596079:ZP2RQhzKc3D7dukez9G6GH,duchenne muscular dystrophy,hla-dpa1,1000.0,1000.0
disease_protein,disease,gene/protein,kg4rd:20121,kg4rd:6442,:36575883:7BWvpMuQJ8uDHh7aaMm5GL,muscular dystrophy,sgca,1000.0,1000.0
disease_protein,disease,gene/protein,kg4rd:20121,kg4rd:79147,:36575883:96XdgPzabxq8wFaLTqQLvW,muscular dystrophy,fkrp,1000.0,1000.0
disease_protein,disease,gene/protein,kg4rd:20121,kg4rd:203859,:36575883:oTXThTEfBL7kZFKMj6zGfP,muscular dystrophy,ano5,1000.0,1000.0
disease_protein,disease,gene/protein,kg4rd:20121,kg4rd:1292,:36575883:oRGMSwfLP54uzKcMQMA8yo,muscular dystrophy,col6a2,1000.0,1000.0
disease_protein,disease,gene/protein,kg4rd:20121,kg4rd:1180,:36575883:DduAuzPfEzbCk4MDQGCyQk,muscular dystrophy,clcn1,1000.0,1000.0
disease_protein,disease,gene/protein,kg4rd:20121,kg4rd:10020,:36575883:9firhTtBUw9s3iGinfp64c,muscular dystrophy,gne,1000.0,1000.0
disease_protein,disease,gene/protein,kg4rd:20121,kg4rd:84892,:36575883:4AtgCUAXnjax6mumH6oGaC,muscular dystrophy,pomgnt2,1000.0,1000.0
disease_protein,disease,gene/protein,kg4rd:20121,kg4rd:2318,:36575883:Gn9TQPumZpL2dBKSFrshoe,muscular dystrophy,flnc,1000.0,1000.0
disease_phenotype_positive,disease,effect/phenotype,kg4rd:10679,kg4rd:11003,:36517287:agrqgufGxKmEqq7CQ6XmGY,duchenne muscular dystrophy,high myopia,1000.0,85.71428571428572
anatomy_protein_present,anatomy,gene/protein,kg4rd:14895,kg4rd:8518,:36515166:X2cteEBReaQhHK9uRuoDcU,"somatic muscle, invertebrate",elp1,1000.0,85.71428571428572
anatomy_protein_present,anatomy,gene/protein,kg4rd:15230,kg4rd:8518,:36515166:BJpzvVTRnJmJNYoxfdEed2,dorsal vessel heart,elp1,1000.0,85.71428571428572
disease_protein,disease,gene/protein,kg4rd:10679,kg4rd:10159,:36483550:dKxQfaNbXPgmAZ4M2oDd5Z,duchenne muscular dystrophy,atp6ap2,1000.0,1000.0
disease_protein,disease,gene/protein,kg4rd:10679,kg4rd:1520,:36483550:WuSaMuFcUFjTrmg3JgMHwq,duchenne muscular dystrophy,ctss,1000.0,1000.0
disease_protein,disease,gene/protein,kg4rd:10679,kg4rd:7431,:36483550:dPQtrrN8Ba4DY5tULh2UEC,duchenne muscular dystrophy,vim,1000.0,1000.0
disease_phenotype_positive,disease,effect/phenotype,kg4rd:10679,kg4rd:25502,:36443054:AL762QkodSn962ze4y86oC,duchenne muscular dystrophy,overweight,1000.0,1000.0
disease_phenotype_positive,disease,effect/phenotype,kg4rd:10679,kg4rd:12337,:36418198:iAXwbkvf7JiEpjp6gCB6E4,duchenne muscular dystrophy,abnormal homeostasis,1000.0,88.88888888888889
disease_protein,disease,gene/protein,kg4rd:5578,kg4rd:10394,:36409173:3r6H7JCZsgcKMUoQtVHMsV,arthritic joint disease,prg3,1000.0,88.88888888888889
disease_protein,disease,gene/protein,kg4rd:10679,kg4rd:10394,:36409173:YkPAto5uATUQPxcwhRynZt,duchenne muscular dystrophy,prg3,93.10344827586206,88.88888888888889
disease_phenotype_positive,disease,effect/phenotype,kg4rd:10679,kg4rd:518,:36404230:CirYL8gphd9H6pHNVDxkgP,duchenne muscular dystrophy,cataract,1000.0,1000.0
disease_phenotype_positive,disease,effect/phenotype,kg4rd:10679,kg4rd:2353,:36404230:NerUyKktAb5N3ayBdQhGfz,duchenne muscular dystrophy,eeg abnormality,1000.0,94.11764705882352
disease_phenotype_positive,disease,effect/phenotype,kg4rd:10679,kg4rd:551,:36404230:9TFobMVdu4dqttbhruueta,duchenne muscular dystrophy,color vision defect,1000.0,87.17948717948718
phenotype_protein,effect/phenotype,gene/protein,kg4rd:3202,kg4rd:10013,:36402791:fG5AxDasnfRgtpcEGfFYkf,skeletal muscle atrophy,hdac6,1000.0,1000.0
disease_protein,disease,gene/protein,kg4rd:10679,kg4rd:10013,:36402791:L2h9jRrMaDkWo3ym8oN3P4,duchenne muscular dystrophy,hdac6,1000.0,1000.0
bioprocess_protein,biological_process,gene/protein,kg4rd:65007,kg4rd:7402,:36401046:md82NCkgvMWEUiV2CZQX68,biological regulation,utrn,90.9090909090909,88.88888888888889
disease_disease,disease,disease,kg4rd:10679,kg4rd:4995,:36322201:iYkAAy5Lk5uLWpWCbxUZKK,duchenne muscular dystrophy,cardiovascular disorder,1000.0,1000.0
anatomy_protein_present,anatomy,gene/protein,kg4rd:14895,kg4rd:5627,:36306991:Hvx8qaGHMHcd99mhKHEHow,"somatic muscle, invertebrate",pros1,1000.0,94.11764705882352
disease_disease,disease,disease,kg4rd:19079,kg4rd:19056,:36270935:TLqxupig5HvhZY6ET8WQ97,proximal spinal muscular atrophy,neuromuscular disease,1000.0,97.67441860465115
disease_disease,disease,disease,kg4rd:8056,kg4rd:19056,:36270935:hPoCuVWB5oLj6QU2BtxEYv,congenital myotonic dystrophy,neuromuscular disease,86.20689655172413,97.67441860465115
disease_protein,disease,gene/protein,kg4rd:10679,kg4rd:205,:36269327:H4Jm5iw2xWUJQaiXUETAgv,duchenne muscular dystrophy,ak4,1000.0,85.71428571428572
disease_phenotype_positive,disease,effect/phenotype,kg4rd:10679,kg4rd:718,:36215287:Y7iUhgamhyr3LuE9huabE2,duchenne muscular dystrophy,aggressive behavior,1000.0,1000.0
disease_phenotype_positive,disease,effect/phenotype,kg4rd:10679,kg4rd:25149,:36142754:FZYALG3FTTg6Hf4B9tcpZV,duchenne muscular dystrophy,atrophic muscularis propria,1000.0,93.10344827586206
anatomy_protein_present,anatomy,gene/protein,kg4rd:14895,kg4rd:10589,:36142572:JNBcrmyyoiP4ZYPMjoxGXW,"somatic muscle, invertebrate",drap1,96.7741935483871,88.88888888888889
disease_phenotype_positive,disease,effect/phenotype,kg4rd:8030,kg4rd:100785,:36137167:W7zohba7oD8JSi6QUxGJrU,facioscapulohumeral muscular dystrophy 1,insomnia,1000.0,1000.0
disease_phenotype_positive,disease,effect/phenotype,kg4rd:10311,kg4rd:3323,:36130887:MmttrSenTFBhS8M84bRZSb,becker muscular dystrophy,progressive muscle weakness,1000.0,1000.0
disease_phenotype_positive,disease,effect/phenotype,kg4rd:16098,kg4rd:3701,:36130887:GELTdhomZstfViKrCTmPzg,immune-mediated necrotizing myopathy,proximal muscle weakness,1000.0,1000.0
phenotype_protein,effect/phenotype,gene/protein,kg4rd:25406,kg4rd:1756,:36123393:TYT6fPeCxvpkd5GFVBJzwp,asthenia,dmd,1000.0,1000.0
disease_phenotype_positive,disease,effect/phenotype,kg4rd:10679,kg4rd:12531,:36112314:mtKPUG7zHMHGwbK32eGGJ7,duchenne muscular dystrophy,pain,1000.0,1000.0
disease_phenotype_positive,disease,effect/phenotype,kg4rd:10679,kg4rd:3552,:36112314:9LPqPPGtiqLFEvbrYwewUc,duchenne muscular dystrophy,muscle stiffness,1000.0,1000.0
phenotype_protein,effect/phenotype,gene/protein,kg4rd:2360,kg4rd:1756,:36099033:jg5gx2j77PJn7wQLJxXsp2,sleep abnormality,dmd,85.71428571428572,1000.0
phenotype_protein,effect/phenotype,gene/protein,kg4rd:271,kg4rd:7225,:36099033:dgknbNtEqFYhpFMy8VoCou,abnormality of the face,trpc6,88.88888888888889,1000.0
phenotype_protein,effect/phenotype,gene/protein,kg4rd:3202,kg4rd:57585,:36059045:V5LRdHTATX46tUj5bTVJkF,skeletal muscle atrophy,cramp1,1000.0,90.9090909090909
bioprocess_protein,biological_process,gene/protein,kg4rd:6954,kg4rd:57585,:36059045:aD8WrE34RySggQE926Fa8Z,inflammatory response,cramp1,1000.0,90.9090909090909
bioprocess_protein,biological_process,gene/protein,kg4rd:19933,kg4rd:57585,:36059045:LvcsAHU3iDGPkAzt7Qd6g6,camp-mediated signaling,cramp1,86.66666666666667,90.9090909090909
phenotype_protein,effect/phenotype,gene/protein,kg4rd:7269,kg4rd:57585,:36059045:nWPbMxQHbqZX2282hBCDtU,spinal muscular atrophy,cramp1,85.18518518518519,90.9090909090909
disease_protein,disease,gene/protein,kg4rd:10679,kg4rd:57585,:36059045:ewedRriCPE8HmzBhqsAzCy,duchenne muscular dystrophy,cramp1,1000.0,90.9090909090909
disease_disease,disease,disease,kg4rd:10679,kg4rd:5021,:36056946:ameGF2mcnSvmADY26rMU8q,duchenne muscular dystrophy,dilated cardiomyopathy,1000.0,1000.0
bioprocess_protein,biological_process,gene/protein,kg4rd:51668,kg4rd:1756,:36012442:m92NbmiZzdvwkinoWmZkQF,localization within membrane,dmd,93.33333333333333,1000.0
disease_phenotype_positive,disease,effect/phenotype,kg4rd:10679,kg4rd:3712,:36012334:E6DpnVcgmWF9ssyTyxknAn,duchenne muscular dystrophy,skeletal muscle hypertrophy,1000.0,1000.0
disease_protein,disease,gene/protein,kg4rd:19079,kg4rd:6607,:36012138:fAwPsKQSsAUKZVHyiF9xCs,proximal spinal muscular atrophy,smn2,1000.0,1000.0
phenotype_protein,effect/phenotype,gene/protein,kg4rd:2505,kg4rd:6696,:36011296:iu33uRWVBMXaot7ehe9DpN,loss of ambulation,spp1,1000.0,1000.0
phenotype_protein,effect/phenotype,gene/protein,kg4rd:2505,kg4rd:958,:36011296:EHksjQxjoBDe2zTKbgy25V,loss of ambulation,cd40,1000.0,1000.0
phenotype_protein,effect/phenotype,gene/protein,kg4rd:2505,kg4rd:8425,:36011296:2gZTLykrDWmE8MyRrZDWZ5,loss of ambulation,ltbp4,1000.0,1000.0
disease_phenotype_positive,disease,effect/phenotype,kg4rd:16971,kg4rd:4950,:36007191:MfeaKow7kSrAo25j2JnfCY,limb-girdle muscular dystrophy,peripheral arterial stenosis,92.3076923076923,86.66666666666667
disease_phenotype_positive,disease,effect/phenotype,kg4rd:1347,kg4rd:2597,:36007191:BmFHj68Pb4cBhrxvcDrXk6,facioscapulohumeral muscular dystrophy,abnormality of the vasculature,1000.0,1000.0
disease_phenotype_positive,disease,effect/phenotype,kg4rd:10679,kg4rd:2597,:36007191:AmbsrtzmGBaANtAvsnZDpc,duchenne muscular dystrophy,abnormality of the vasculature,1000.0,1000.0
disease_phenotype_positive,disease,effect/phenotype,kg4rd:10679,kg4rd:1640,:35987773:jBPmdjFABJFEACKj88Luf7,duchenne muscular dystrophy,cardiomegaly,1000.0,1000.0
disease_phenotype_positive,disease,effect/phenotype,kg4rd:10679,kg4rd:10872,:35987773:8DDXcXHoAvGqGZtjniV4XQ,duchenne muscular dystrophy,t-wave inversion,1000.0,100.0
disease_disease,disease,disease,kg4rd:20121,kg4rd:2572,:35973890:VsjkpN4AFeDWFjSBhhYki2,muscular dystrophy,aspiration pneumonitis,1000.0,1000.0
disease_disease,disease,disease,kg4rd:10679,kg4rd:2572,:35973890:YiHCGnLrjurJsEpsZrRtCQ,duchenne muscular dystrophy,aspiration pneumonitis,1000.0,1000.0
disease_phenotype_positive,disease,effect/phenotype,kg4rd:10679,kg4rd:649,:35953292:9UrGGGrxULKQqY6cnMRUk6,duchenne muscular dystrophy,abnormality of visual evoked potentials,1000.0,88.88888888888889
disease_phenotype_positive,disease,effect/phenotype,kg4rd:10679,kg4rd:717,:35943375:SDXzqFVa5VBZgbxKQnFZSH,duchenne muscular dystrophy,autism,1000.0,92.3076923076923
bioprocess_protein,biological_process,gene/protein,kg4rd:36145,kg4rd:84876,:35939054:Fmioy6mzrGZnwTpaoV7E2K,dendritic cell homeostasis,orai1,89.65517241379311,1000.0
disease_disease,disease,disease,kg4rd:10622,kg4rd:10679,:35929940:NzQZxezST6tRZDKLkzaWy4,recessive x-linked ichthyosis,duchenne muscular dystrophy,1000.0,1000.0
phenotype_protein,effect/phenotype,gene/protein,kg4rd:1324,kg4rd:246329,:35912995:jS6YdxvbRSLz5CtgGFkGDH,muscle weakness,stac3,1000.0,1000.0
phenotype_protein,effect/phenotype,gene/protein,kg4rd:1324,kg4rd:56704,:35912995:Nykk5cNwzNTa3G9Q5dQJUJ,muscle weakness,jph1,1000.0,85.71428571428572
disease_phenotype_positive,disease,effect/phenotype,kg4rd:10646,kg4rd:200123,:35902360:TzDRhMQpXw2uHZgbLFMsEz,"macular dystrophy, x-linked",chronic hepatitis,94.33962264150944,86.95652173913044
disease_phenotype_positive,disease,effect/phenotype,kg4rd:10679,kg4rd:12824,:35897138:m7B5sg7CHKzP7TmR73f6yh,duchenne muscular dystrophy,severity,1000.0,1000.0
disease_phenotype_positive,disease,effect/phenotype,kg4rd:10679,kg4rd:100614,:35886926:bJCzQpV49Y6swLCmPoWXrW,duchenne muscular dystrophy,myositis,1000.0,1000.0
pathway_protein,pathway,gene/protein,kg4rd:R-HSA-75893,kg4rd:4086,:35886863:ieUc9nZtb5Vn4Pmt3eBz2o,tnf signaling,smad1,88.88888888888889,1000.0
pathway_protein,pathway,gene/protein,kg4rd:R-HSA-75893,kg4rd:4090,:35886863:boSaJ9EjSJbAd4Gm764yVd,tnf signaling,smad5,88.88888888888889,1000.0
disease_protein,disease,gene/protein,kg4rd:10679,kg4rd:652,:35886863:FnNW265iK8PPv8mhb8Pa9o,duchenne muscular dystrophy,bmp4,1000.0,91.80327868852459
bioprocess_protein,biological_process,gene/protein,kg4rd:45445,kg4rd:4656,:35886863:jVek3bAgsXnDD6EEGq8ekr,myoblast differentiation,myog,1000.0,1000.0
bioprocess_protein,biological_process,gene/protein,kg4rd:45445,kg4rd:4209,:35886863:25EjSDUt4YkwgbFf7heVdN,myoblast differentiation,mef2d,1000.0,1000.0
disease_phenotype_positive,disease,effect/phenotype,kg4rd:10311,kg4rd:256,:35876434:5Yzsc6LosEmiedYpivpWNy,becker muscular dystrophy,macrocephaly,1000.0,85.71428571428572
disease_phenotype_positive,disease,effect/phenotype,kg4rd:10311,kg4rd:7009,:35876434:9Ljp2bMfEyWpT9GSyh8iuo,becker muscular dystrophy,central nervous system degeneration,1000.0,85.71428571428572
disease_phenotype_positive,disease,effect/phenotype,kg4rd:10679,kg4rd:729,:35849899:ZVqyiLbadf2LHfa3PfRwsH,duchenne muscular dystrophy,autistic behavior,1000.0,1000.0
disease_phenotype_positive,disease,effect/phenotype,kg4rd:10679,kg4rd:733,:35849899:UZHidxSv34nfaGconpGgkL,duchenne muscular dystrophy,motor stereotypy,1000.0,1000.0
disease_phenotype_positive,disease,effect/phenotype,kg4rd:10679,kg4rd:4000070,:35849899:jKB5Dxh99qedkCrWjQBjeP,duchenne muscular dystrophy,fixated interests,1000.0,1000.0
disease_phenotype_positive,disease,effect/phenotype,kg4rd:10679,kg4rd:762,:35762211:Cs6iGrXroS5E4hdDvrkQYr,duchenne muscular dystrophy,decreased nerve conduction velocity,1000.0,90.32258064516128
disease_protein,disease,gene/protein,kg4rd:5371,kg4rd:1756,:35744792:hd6EJSqxiuzLG3BQpDEJMB,mood disorder,dmd,88.0,1000.0
anatomy_protein_absent,anatomy,gene/protein,kg4rd:6110636,kg4rd:1756,:35654209:UXn4LUDXQhWZJfJoz8CECe,insect adult cerebral ganglion,dmd,1000.0,1000.0
disease_phenotype_positive,disease,effect/phenotype,kg4rd:9130,kg4rd:2093,:35620971:8ig2ZU6z9ijWtK7yUVmV2j,dyggve-melchior-clausen disease,respiratory insufficiency,90.9090909090909,92.3076923076923
disease_disease,disease,disease,kg4rd:10679,kg4rd:2081,:35614293:EK2iHh5MhAeqMuR5RQGBgz,duchenne muscular dystrophy,musculoskeletal system disorder,1000.0,1000.0
anatomy_protein_present,anatomy,gene/protein,kg4rd:5090,kg4rd:1152,:35562557:S2PknsdktesoBXEjkMVw7f,muscle structure,ckb,1000.0,93.75
disease_phenotype_positive,disease,effect/phenotype,kg4rd:10679,kg4rd:45082,:35474226:ECYMyz3XjuVip26PP3wZU8,duchenne muscular dystrophy,decreased body mass index,1000.0,86.27450980392157
disease_phenotype_positive,disease,effect/phenotype,kg4rd:10679,kg4rd:211,:35414368:LRYSBWKcxN2YWVkeX8KN5s,duchenne muscular dystrophy,trismus,96.42857142857143,88.88888888888889
disease_phenotype_positive,disease,effect/phenotype,kg4rd:10311,kg4rd:3555,:35395784:86eTtKediW9p2eZ3H9ceme,becker muscular dystrophy,muscle fiber splitting,1000.0,96.7741935483871
disease_phenotype_positive,disease,effect/phenotype,kg4rd:10311,kg4rd:3687,:35395784:aauPknKLYjWuuJGaA9xFmm,becker muscular dystrophy,centrally nucleated skeletal muscle fibers,1000.0,86.48648648648648
disease_phenotype_positive,disease,effect/phenotype,kg4rd:10679,kg4rd:608,:35390481:kSWfPDxah7MWAmFeZUHjqk,duchenne muscular dystrophy,macular degeneration,1000.0,90.47619047619048
disease_phenotype_positive,disease,effect/phenotype,kg4rd:10311,kg4rd:100543,:35367224:mxSvisqwA5KWjcnLcQZdnY,becker muscular dystrophy,cognitive impairment,1000.0,1000.0
bioprocess_protein,biological_process,gene/protein,kg4rd:33002,kg4rd:3565,:35333325:kQ2gVtBRmD4f3DPg6qvg4Z,muscle cell proliferation,il4,90.9090909090909,89.65517241379311
bioprocess_protein,biological_process,gene/protein,kg4rd:33002,kg4rd:3596,:35333325:jpvh3u4ka7ZM8pigTbhQWT,muscle cell proliferation,il13,90.9090909090909,1000.0
disease_protein,disease,gene/protein,kg4rd:10679,kg4rd:952,:35298089:i3bvgsiKA8stJTZsGqoX3n,duchenne muscular dystrophy,cd38,1000.0,1000.0
disease_phenotype_positive,disease,effect/phenotype,kg4rd:10679,kg4rd:40270,:35273230:HKjpHvGioGrCafiSnCSTYs,duchenne muscular dystrophy,impaired glucose tolerance,1000.0,1000.0
disease_protein,disease,gene/protein,kg4rd:10311,kg4rd:4656,:35269765:JpwLQN5fJGb69VDYvtHUMU,becker muscular dystrophy,myog,85.71428571428572,1000.0
disease_protein,disease,gene/protein,kg4rd:10311,kg4rd:5081,:35269765:kTWGdUFjxadjqEqTV39a7Z,becker muscular dystrophy,pax7,85.71428571428572,1000.0
disease_phenotype_positive,disease,effect/phenotype,kg4rd:10679,kg4rd:100750,:35236763:T8jQr3AG2EXcrC9yVWFTrN,duchenne muscular dystrophy,atelectasis,1000.0,1000.0
disease_phenotype_positive,disease,effect/phenotype,kg4rd:10679,kg4rd:2090,:35236763:EJNTKqKeR2qK9cD4dxXhEv,duchenne muscular dystrophy,pneumonia,1000.0,1000.0
disease_disease,disease,disease,kg4rd:10311,kg4rd:5027,:35229191:VyYMqkcSDRg2HiJKVd6Gw3,becker muscular dystrophy,epilepsy,92.3076923076923,1000.0
disease_disease,disease,disease,kg4rd:10679,kg4rd:5027,:35229191:ZvSYdZzPg5XrxLVGAMsAy4,duchenne muscular dystrophy,epilepsy,92.85714285714286,1000.0
disease_disease,disease,disease,kg4rd:10679,kg4rd:816,:35215377:Bh5kwfUYRWk3YvnCn2DMhy,duchenne muscular dystrophy,abdominal obesity-metabolic syndrome,1000.0,1000.0
disease_phenotype_positive,disease,effect/phenotype,kg4rd:10679,kg4rd:3119,:35215377:i5KP4B4JaGr47T88zKLLeq,duchenne muscular dystrophy,abnormal circulating lipid concentration,1000.0,1000.0
disease_phenotype_positive,disease,effect/phenotype,kg4rd:10679,kg4rd:855,:35215377:3ZecbLoURyG8XypZCwcgx5,duchenne muscular dystrophy,insulin resistance,1000.0,1000.0
disease_phenotype_positive,disease,effect/phenotype,kg4rd:10679,kg4rd:1397,:35215377:5rJ3HxsUbGcCsPFRFByE8h,duchenne muscular dystrophy,hepatic steatosis,1000.0,1000.0
bioprocess_protein,biological_process,gene/protein,kg4rd:10468,kg4rd:1756,:35213020:7SNaGUstKkoL24snDk8DWd,regulation of gene expression,dmd,89.23076923076923,1000.0
phenotype_protein,effect/phenotype,gene/protein,kg4rd:2344,kg4rd:1756,:35205302:FqsZ5T6xBWxautYpRKVcZx,progressive neurologic deterioration,dmd,87.5,1000.0
disease_phenotype_positive,disease,effect/phenotype,kg4rd:10679,kg4rd:12100,:35174514:5DSWoAaSVqpXQq49fpyHX7,duchenne muscular dystrophy,abnormal circulating creatinine concentration,1000.0,86.95652173913044
disease_phenotype_positive,disease,effect/phenotype,kg4rd:10311,kg4rd:12100,:35174514:eL5B6dkHcxmMMULFJxLCDH,becker muscular dystrophy,abnormal circulating creatinine concentration,1000.0,86.95652173913044
disease_phenotype_positive,disease,effect/phenotype,kg4rd:10311,kg4rd:1392,:35174514:E58dZwfBiuE4PDr5KUgewW,becker muscular dystrophy,abnormality of the liver,1000.0,88.88888888888889
disease_protein,disease,gene/protein,kg4rd:10679,kg4rd:9759,:35170869:H3DM48fsVLXRkMnPy5jPAg,duchenne muscular dystrophy,hdac4,1000.0,1000.0
phenotype_protein,effect/phenotype,gene/protein,kg4rd:7009,kg4rd:9759,:35170869:AB7WRsxhaXmHeEEbJew6oJ,central nervous system degeneration,hdac4,85.71428571428572,1000.0
disease_protein,disease,gene/protein,kg4rd:10679,kg4rd:7099,:35169163:C2HWLokXUuAHJgUbNrG9Kq,duchenne muscular dystrophy,tlr4,93.10344827586206,1000.0
phenotype_protein,effect/phenotype,gene/protein,kg4rd:1635,kg4rd:6774,:35157045:FxA8p9JuVRiP7FrxBiWtbS,congestive heart failure,stat3,1000.0,1000.0
disease_phenotype_positive,disease,effect/phenotype,kg4rd:10679,kg4rd:1714,:35157045:2ft87Qq7noXqeqDzZXQyfs,duchenne muscular dystrophy,ventricular hypertrophy,1000.0,1000.0
disease_phenotype_positive,disease,effect/phenotype,kg4rd:10679,kg4rd:100662,:35157045:TCZ9dyPYQY9Wfj5SQoCt9q,duchenne muscular dystrophy,chondritis,1000.0,85.71428571428572
disease_phenotype_positive,disease,effect/phenotype,kg4rd:10679,kg4rd:1627,:35147046:9GB6V9t6DUYBbqBkD5bCCB,duchenne muscular dystrophy,abnormal heart morphology,1000.0,90.0
disease_phenotype_positive,disease,effect/phenotype,kg4rd:10311,kg4rd:1627,:35147046:NhWkvvk2JKChxGorny6fT3,becker muscular dystrophy,abnormal heart morphology,1000.0,90.0
disease_phenotype_positive,disease,effect/phenotype,kg4rd:16971,kg4rd:1627,:35147046:CpKcVjTFDR79fPMtqHg3Ce,limb-girdle muscular dystrophy,abnormal heart morphology,1000.0,90.0
anatomy_protein_present,anatomy,gene/protein,kg4rd:6110636,kg4rd:1756,:35136951:df2DAQ2BRrCReLCXHPKQRy,insect adult cerebral ganglion,dmd,1000.0,1000.0
disease_phenotype_positive,disease,effect/phenotype,kg4rd:4976,kg4rd:25435,:35134775:BAQeCXaTF6M6vMAaPMPzqe,amyotrophic lateral sclerosis,increased circulating lactate dehydrogenase concentration,1000.0,86.48648648648648
disease_protein,disease,gene/protein,kg4rd:10679,kg4rd:9181,:35132805:bnLiFWagBYosca9ACYhMAg,duchenne muscular dystrophy,arhgef2,1000.0,1000.0
phenotype_protein,effect/phenotype,gene/protein,kg4rd:100543,kg4rd:1756,:35064002:9otffHMfpZ24mMwkRgSMYU,cognitive impairment,dmd,1000.0,1000.0
bioprocess_protein,biological_process,gene/protein,kg4rd:9058,kg4rd:1756,:35064002:VVC6TfqqTHYsdUgjEoTCYb,biosynthetic process,dmd,1000.0,1000.0
phenotype_protein,effect/phenotype,gene/protein,kg4rd:3750,kg4rd:3934,:35055145:JGpHLywzxEndoc9ienCXg8,increased muscle fatiguability,lcn2,85.71428571428572,1000.0
anatomy_protein_present,anatomy,gene/protein,kg4rd:1015,kg4rd:3934,:35055145:W9xyw59Rtgo7mxx5TECgYu,musculature,lcn2,1000.0,1000.0
disease_protein,disease,gene/protein,kg4rd:10679,kg4rd:3934,:35055145:njApWA2KnGLfxH2Epkzmpb,duchenne muscular dystrophy,lcn2,1000.0,1000.0
disease_phenotype_positive,disease,effect/phenotype,kg4rd:10311,kg4rd:1256,:35008485:28p52mBv8utP4DYVtZC5sF,becker muscular dystrophy,"intellectual disability, mild",1000.0,100.0
disease_phenotype_positive,disease,effect/phenotype,kg4rd:10679,kg4rd:3713,:34964145:JGFzQJsWWmKc4QZCpGdCEb,duchenne muscular dystrophy,muscle fiber necrosis,1000.0,1000.0
disease_phenotype_positive,disease,effect/phenotype,kg4rd:10679,kg4rd:3270,:34960110:87meAVUBDGJ2atxcr5DTuz,duchenne muscular dystrophy,abdominal distention,93.10344827586206,1000.0
disease_phenotype_positive,disease,effect/phenotype,kg4rd:10679,kg4rd:2014,:34960110:epNn5cCeoyTXN839GuCqse,duchenne muscular dystrophy,diarrhea,93.10344827586206,1000.0
bioprocess_protein,biological_process,gene/protein,kg4rd:1901186,kg4rd:7026,:34960110:2BnJmpcj7HbLcbSWydHSDd,positive regulation of erbb signaling pathway,nr2f2,87.71929824561404,88.88888888888889
disease_phenotype_positive,disease,effect/phenotype,kg4rd:10383,kg4rd:717,:34946857:LSPYhph8b2tTTxxbP8RH8d,fragile x syndrome,autism,1000.0,1000.0
disease_protein,disease,gene/protein,kg4rd:10679,kg4rd:7220,:34930315:Q6hWpz5ewLHvvChxuXCiCw,duchenne muscular dystrophy,trpc1,1000.0,1000.0
disease_protein,disease,gene/protein,kg4rd:10679,kg4rd:7222,:34930315:nsCCVR8MFVYCqA5awDVVuN,duchenne muscular dystrophy,trpc3,1000.0,1000.0
disease_protein,disease,gene/protein,kg4rd:10679,kg4rd:719,:34922439:4DrumKRkPQrzzJZESnroPo,duchenne muscular dystrophy,c3ar1,1000.0,1000.0
disease_protein,disease,gene/protein,kg4rd:10679,kg4rd:51284,:34922439:CNSVg6snjmu4goADGoYqrM,duchenne muscular dystrophy,tlr7,1000.0,1000.0
disease_protein,disease,gene/protein,kg4rd:10679,kg4rd:3394,:34922439:DZoMmHmKW7VZ54oBZpGvGi,duchenne muscular dystrophy,irf8,1000.0,1000.0
disease_protein,disease,gene/protein,kg4rd:10679,kg4rd:2533,:34922439:nwR67YQ4T7E3GvmKJkzsfm,duchenne muscular dystrophy,fyb1,1000.0,1000.0
disease_protein,disease,gene/protein,kg4rd:10679,kg4rd:945,:34922439:DN64kkeAUGcFHqruqzvvV8,duchenne muscular dystrophy,cd33,1000.0,1000.0
disease_protein,disease,gene/protein,kg4rd:10679,kg4rd:7305,:34922439:U8s7T6siMvrnjsKwvyEWSP,duchenne muscular dystrophy,tyrobp,1000.0,1000.0
disease_protein,disease,gene/protein,kg4rd:10679,kg4rd:5341,:34922439:5vEuF7m3TcKiHm9bGDdJ3v,duchenne muscular dystrophy,plek,1000.0,1000.0
disease_protein,disease,gene/protein,kg4rd:10679,kg4rd:199,:34922439:U5RAxN4Eb9WacbPUx2cERj,duchenne muscular dystrophy,aif1,1000.0,1000.0
disease_protein,disease,gene/protein,kg4rd:10679,kg4rd:7805,:34922439:oJsSjTcCeutu3YKGWpuD6u,duchenne muscular dystrophy,laptm5,1000.0,1000.0
disease_protein,disease,gene/protein,kg4rd:10679,kg4rd:4907,:34922439:Ny9oNnoypusqpB2S6bwtPE,duchenne muscular dystrophy,nt5e,1000.0,1000.0
disease_protein,disease,gene/protein,kg4rd:10311,kg4rd:4015,:34922439:RRUe4oCJ8NAtWREqiA8XnE,becker muscular dystrophy,lox,1000.0,1000.0
disease_protein,disease,gene/protein,kg4rd:10311,kg4rd:2006,:34922439:9JMeDh89uUqjiE5LQnCCV7,becker muscular dystrophy,eln,1000.0,1000.0
disease_protein,disease,gene/protein,kg4rd:10311,kg4rd:5341,:34922439:NsqcA4T9VTqTikBRE8rG8Q,becker muscular dystrophy,plek,1000.0,1000.0
disease_protein,disease,gene/protein,kg4rd:10311,kg4rd:10320,:34922439:3RLtu9x9Dby6fv9hpCS57h,becker muscular dystrophy,ikzf1,1000.0,1000.0
disease_protein,disease,gene/protein,kg4rd:10311,kg4rd:1513,:34922439:UahTowoDKdtQXYrFuqzJLw,becker muscular dystrophy,ctsk,1000.0,1000.0
disease_protein,disease,gene/protein,kg4rd:10311,kg4rd:7058,:34922439:GtDN5VNAb79qMc3m9etX89,becker muscular dystrophy,thbs2,1000.0,1000.0
disease_protein,disease,gene/protein,kg4rd:10311,kg4rd:9509,:34922439:cmoLsvP8PPFpZ6KsJ7Uber,becker muscular dystrophy,adamts2,1000.0,1000.0
disease_protein,disease,gene/protein,kg4rd:10311,kg4rd:1289,:34922439:ECR8qtGczYFVMoAVzF8S3F,becker muscular dystrophy,col5a1,1000.0,1000.0
disease_protein,disease,gene/protein,kg4rd:10311,kg4rd:598,:34922439:SXE2LFYZJRFGZ8eK7cR4BX,becker muscular dystrophy,bcl2l1,1000.0,1000.0
disease_protein,disease,gene/protein,kg4rd:10311,kg4rd:1017,:34922439:DEKrctByKQJsLUPRNTPQNk,becker muscular dystrophy,cdk2,1000.0,1000.0
disease_protein,disease,gene/protein,kg4rd:10679,kg4rd:1674,:34921931:LVf8mRYVurynnAZWmT6Cig,duchenne muscular dystrophy,des,1000.0,92.0
anatomy_protein_present,anatomy,gene/protein,kg4rd:15230,kg4rd:924,:34884423:CCA6xYgT3DfZk75ABusKBo,dorsal vessel heart,cd7,1000.0,86.95652173913044
disease_disease,disease,disease,kg4rd:16147,kg4rd:10679,:34850383:GSSKf9EFHKRmjk7Ygvssdv,qualitative or quantitative defects of dystrophin,duchenne muscular dystrophy,1000.0,1000.0
bioprocess_protein,biological_process,gene/protein,kg4rd:6955,kg4rd:101805492,:34819506:g2CpuV9J7nctY3D8mdSyhb,immune response,casc9,1000.0,88.88888888888889
disease_phenotype_positive,disease,effect/phenotype,kg4rd:10679,kg4rd:11140,:34802091:5WqmHYBTRkEVqkWqjY6W8X,duchenne muscular dystrophy,gastrointestinal duplication,1000.0,89.65517241379311
disease_protein,disease,gene/protein,kg4rd:10679,kg4rd:2697,:34796900:2BAMTzYMdABgwnN3kDoeRz,duchenne muscular dystrophy,gja1,1000.0,100.0
disease_phenotype_positive,disease,effect/phenotype,kg4rd:10679,kg4rd:12664,:34796900:YdXquGXbDZAvG3QfDSZ8oD,duchenne muscular dystrophy,reduced left ventricular ejection fraction,1000.0,1000.0
disease_phenotype_positive,disease,effect/phenotype,kg4rd:16147,kg4rd:2650,:34787322:KBAzMeKzjUiGzyBatThQ6f,qualitative or quantitative defects of dystrophin,scoliosis,1000.0,1000.0
disease_disease,disease,disease,kg4rd:18901,kg4rd:16147,:34764091:9EWequqryMTJRUXWuzLo9K,left ventricular noncompaction,qualitative or quantitative defects of dystrophin,1000.0,1000.0
disease_disease,disease,disease,kg4rd:4994,kg4rd:859193,:34764091:kTkf4GPCeVkaJeEDBAg6Ph,cardiomyopathy,neuroocular syndrome,86.48648648648648,88.37209302325581
disease_phenotype_positive,disease,effect/phenotype,kg4rd:10311,kg4rd:1410,:34756724:TM5zvKrk3L6MX3opdg3nQH,becker muscular dystrophy,decreased liver function,1000.0,90.32258064516128
disease_protein,disease,gene/protein,kg4rd:10679,kg4rd:7846,:34731335:KGtqjLSXQhERKRfDFA9dv9,duchenne muscular dystrophy,tuba1a,87.09677419354838,1000.0
disease_phenotype_positive,disease,effect/phenotype,kg4rd:10679,kg4rd:34677,:34719507:h6bqZLBPHpGuEsVd3d3YMp,duchenne muscular dystrophy,ankle contracture,1000.0,97.14285714285714
disease_phenotype_positive,disease,effect/phenotype,kg4rd:10679,kg4rd:3687,:34704592:TahFyHg3CSbKGpmnVBpYwx,duchenne muscular dystrophy,centrally nucleated skeletal muscle fibers,1000.0,92.3076923076923
disease_phenotype_positive,disease,effect/phenotype,kg4rd:10679,kg4rd:2808,:34698513:8AB5Li5pqKycsCmbYw5axs,duchenne muscular dystrophy,kyphosis,93.10344827586206,1000.0
disease_phenotype_positive,disease,effect/phenotype,kg4rd:15128,kg4rd:11106,:34689766:7Dc2ouPNYf8pcwTr4BivWt,primary adrenal insufficiency,hypovolemia,1000.0,95.65217391304348
disease_phenotype_positive,disease,effect/phenotype,kg4rd:15128,kg4rd:1010,:34689766:Agk5AmdSzJWJAnGJyDEzVJ,primary adrenal insufficiency,hypopigmentation of the skin,1000.0,90.9090909090909
disease_phenotype_positive,disease,effect/phenotype,kg4rd:15128,kg4rd:2329,:34689766:iPa35DPayjSJKvh2aqLyZe,primary adrenal insufficiency,drowsiness,1000.0,1000.0
disease_phenotype_positive,disease,effect/phenotype,kg4rd:15128,kg4rd:1943,:34689766:3RVGLC34wuHNupkmTXzrD9,primary adrenal insufficiency,hypoglycemia,1000.0,1000.0
disease_phenotype_positive,disease,effect/phenotype,kg4rd:15128,kg4rd:2902,:34689766:HMFJyYvnkJtJxkxXZ5tro4,primary adrenal insufficiency,hyponatremia,1000.0,96.0
disease_phenotype_positive,disease,effect/phenotype,kg4rd:15128,kg4rd:2153,:34689766:XQPV8b9ufkepzpuPdPfxbr,primary adrenal insufficiency,hyperkalemia,1000.0,96.0
disease_phenotype_positive,disease,effect/phenotype,kg4rd:10399,kg4rd:8244,:34689766:mmaQiXGXseZh8YeF5egVuX,chromosome xp21 deletion syndrome,congenital adrenal hypoplasia,1000.0,86.56716417910448
bioprocess_protein,biological_process,gene/protein,kg4rd:55074,kg4rd:1756,:34681707:KdwfxN7jpytN3ujHZQrxev,calcium ion homeostasis,dmd,90.47619047619048,1000.0
disease_phenotype_positive,disease,effect/phenotype,kg4rd:10679,kg4rd:4386,:34680138:J4U8MJdPoab6x3d8Fwqkzj,duchenne muscular dystrophy,gastrointestinal inflammation,1000.0,88.88888888888889
disease_phenotype_positive,disease,effect/phenotype,kg4rd:10679,kg4rd:8112,:34629214:myWY45xxekmzHhpntn4AvM,duchenne muscular dystrophy,plantar flexion contracture,1000.0,90.32258064516128
disease_protein,disease,gene/protein,kg4rd:10679,kg4rd:7273,:34569076:ZBCkpPnE3tKZKcYsGU9QHR,duchenne muscular dystrophy,ttn,1000.0,1000.0
disease_protein,disease,gene/protein,kg4rd:10679,kg4rd:4632,:34569076:MV2WjNhKFnPAEVSadMiR3P,duchenne muscular dystrophy,myl1,1000.0,94.73684210526316
disease_protein,disease,gene/protein,kg4rd:10679,kg4rd:2934,:34569076:WTiGFXgHzqFyy6iv5jFE4M,duchenne muscular dystrophy,gsn,1000.0,1000.0
disease_phenotype_positive,disease,effect/phenotype,kg4rd:10679,kg4rd:5237,:34553378:LjKg6gMrvRWw3QweNmXe5n,duchenne muscular dystrophy,degenerative liver disease,1000.0,86.79245283018868
disease_protein,disease,gene/protein,kg4rd:10679,kg4rd:2660,:34553378:gExpDPE3dZLAhehGKzkcNZ,duchenne muscular dystrophy,mstn,1000.0,1000.0
disease_phenotype_positive,disease,effect/phenotype,kg4rd:10679,kg4rd:2757,:34524678:kv2Gqz5MVcTQpDfGfD3GPN,duchenne muscular dystrophy,recurrent fractures,1000.0,86.95652173913044
disease_phenotype_positive,disease,effect/phenotype,kg4rd:757,kg4rd:41166,:34506040:CSwDJguKRJQBho9WG9wUNB,glucocorticoid-induced osteoporosis,fractured vertebra,1000.0,91.89189189189189
disease_disease,disease,disease,kg4rd:10679,kg4rd:757,:34506040:EGgxZSVrtzowQ54cymbY2H,duchenne muscular dystrophy,glucocorticoid-induced osteoporosis,93.10344827586206,1000.0
disease_phenotype_positive,disease,effect/phenotype,kg4rd:10679,kg4rd:7010,:34505932:fNZKwPFYMGCJ8MBrkMCkNM,duchenne muscular dystrophy,poor fine motor coordination,1000.0,87.17948717948718
bioprocess_protein,biological_process,gene/protein,kg4rd:45445,kg4rd:283120,:34454586:Mk7xKaH2pMcLA76CFtczM6,myoblast differentiation,h19,1000.0,1000.0
disease_phenotype_positive,disease,effect/phenotype,kg4rd:10679,kg4rd:5216,:34453345:Quq2LJucWHqwXNAdwkjQRE,duchenne muscular dystrophy,impaired mastication,1000.0,86.48648648648648
disease_phenotype_positive,disease,effect/phenotype,kg4rd:10679,kg4rd:3326,:34453345:KHE3ePbKxqyveaGPU4S7aY,duchenne muscular dystrophy,myalgia,1000.0,1000.0
disease_disease,disease,disease,kg4rd:10679,kg4rd:6816,:34453345:DgjCBf3UTv3E4ZKWksiNRK,duchenne muscular dystrophy,arthropathy,1000.0,1000.0
disease_phenotype_positive,disease,effect/phenotype,kg4rd:10679,kg4rd:2094,:34432537:FxL9ikFmAr9JRrYZszmcNR,duchenne muscular dystrophy,dyspnea,1000.0,88.88888888888889
bioprocess_protein,biological_process,gene/protein,kg4rd:6954,kg4rd:6387,:34424816:AzNjaCTKBvZWUugynffqD6,inflammatory response,cxcl12,1000.0,1000.0
disease_phenotype_positive,disease,effect/phenotype,kg4rd:20121,kg4rd:7009,:34405910:YK7LHEexjJ4YjgX4p9kk2v,muscular dystrophy,central nervous system degeneration,1000.0,85.71428571428572
disease_protein,disease,gene/protein,kg4rd:5045,kg4rd:8483,:34400329:QqyDVLBxdymzwB5BkousCz,hypertrophic cardiomyopathy,cilp,88.46153846153845,85.71428571428572
bioprocess_protein,biological_process,gene/protein,kg4rd:45677,kg4rd:3976,:34392367:jEjADjkZs9hhtttHdPTHzY,negative regulation of r7 cell differentiation,lif,86.20689655172413,1000.0
phenotype_protein,effect/phenotype,gene/protein,kg4rd:3287,kg4rd:1756,:34374652:e6MT4ysaR44eNk3uTM7kHZ,abnormality of mitochondrial metabolism,dmd,1000.0,1000.0
anatomy_protein_present,anatomy,gene/protein,kg4rd:15230,kg4rd:494327,:34329686:a2SWThKUieF8qx8DfQWwuM,dorsal vessel heart,mir378a,1000.0,100.0
disease_protein,disease,gene/protein,kg4rd:10679,kg4rd:55869,:34214631:7GzKSEE33G9HnkfyRpfHGA,duchenne muscular dystrophy,hdac8,1000.0,1000.0
bioprocess_protein,biological_process,gene/protein,kg4rd:7005,kg4rd:133522,:34197911:LuWpDhBWd8wBTJMWCcM4jz,mitochondrion organization,ppargc1b,1000.0,89.85507246376811
disease_protein,disease,gene/protein,kg4rd:10679,kg4rd:406,:34191629:c6SxQdxz7pSai7bptQ2upU,duchenne muscular dystrophy,bmal1,93.10344827586206,1000.0
disease_protein,disease,gene/protein,kg4rd:10679,kg4rd:1407,:34191629:b4Y9bhbqjZ87xNk4zhjDf6,duchenne muscular dystrophy,cry1,93.10344827586206,1000.0
disease_protein,disease,gene/protein,kg4rd:10679,kg4rd:1408,:34191629:XPfLvnJCnrSCrrbqjTKPpY,duchenne muscular dystrophy,cry2,93.10344827586206,1000.0
disease_protein,disease,gene/protein,kg4rd:10679,kg4rd:9975,:34191629:jy4haNGy7PDGN5w9sukbA4,duchenne muscular dystrophy,nr1d2,93.10344827586206,1000.0
disease_protein,disease,gene/protein,kg4rd:10679,kg4rd:2101,:34191629:ETMbNPt54cZjbBM8kWqnPX,duchenne muscular dystrophy,esrra,93.10344827586206,1000.0
disease_protein,disease,gene/protein,kg4rd:10679,kg4rd:10059,:34191629:4xwKasdy6AzzsJcxP42v43,duchenne muscular dystrophy,dnm1l,93.10344827586206,1000.0
disease_protein,disease,gene/protein,kg4rd:10679,kg4rd:4976,:34191629:3angqzwyNbjkBYd8KDNoAz,duchenne muscular dystrophy,opa1,93.10344827586206,1000.0
disease_protein,disease,gene/protein,kg4rd:10679,kg4rd:55669,:34191629:ZvENxfoRJ5Syf8dwbP7E3t,duchenne muscular dystrophy,mfn1,93.10344827586206,1000.0
disease_protein,disease,gene/protein,kg4rd:10679,kg4rd:664,:34191629:5usrUYjj2i2K5fqS56PTK9,duchenne muscular dystrophy,bnip3,93.10344827586206,1000.0
disease_protein,disease,gene/protein,kg4rd:10679,kg4rd:8678,:34191629:AEZRAT6yuuzGZo9Lw8oHPX,duchenne muscular dystrophy,becn1,93.10344827586206,1000.0
disease_protein,disease,gene/protein,kg4rd:10679,kg4rd:8864,:34191629:htxtmaEQCsZBTedBPYs7iD,duchenne muscular dystrophy,per2,93.10344827586206,1000.0
disease_protein,disease,gene/protein,kg4rd:10679,kg4rd:9572,:34191629:Jh7yB723wwWP6XZL8uXtiV,duchenne muscular dystrophy,nr1d1,93.10344827586206,1000.0
disease_protein,disease,gene/protein,kg4rd:10679,kg4rd:81631,:34191629:hEEKy2FYXdogdAH8R5kjJW,duchenne muscular dystrophy,map1lc3b,93.10344827586206,1000.0
disease_protein,disease,gene/protein,kg4rd:10679,kg4rd:8878,:34191629:kxWDdMCbsgRCQwQzS3CSfk,duchenne muscular dystrophy,sqstm1,93.10344827586206,1000.0
bioprocess_protein,biological_process,gene/protein,kg4rd:8610,kg4rd:10891,:34191629:XAKMKZ8CqNnn9LotWQgnz5,lipid biosynthetic process,ppargc1a,85.71428571428572,1000.0
bioprocess_protein,biological_process,gene/protein,kg4rd:8610,kg4rd:2101,:34191629:cEza3YZcERG3TVoTXUi9Lv,lipid biosynthetic process,esrra,85.71428571428572,1000.0
disease_disease,disease,disease,kg4rd:10679,kg4rd:5260,:34148958:CCurkhNxT7geHdmc3tfUwe,duchenne muscular dystrophy,autism,1000.0,92.3076923076923
disease_protein,disease,gene/protein,kg4rd:10679,kg4rd:6123,:34081545:nkjGDqgmdySEHNB9JLmajW,duchenne muscular dystrophy,rpl3l,93.10344827586206,1000.0
bioprocess_protein,biological_process,gene/protein,kg4rd:42246,kg4rd:3146,:34078746:koBCR3PSfSNVbfMsxCb2gC,tissue regeneration,hmgb1,1000.0,1000.0
disease_protein,disease,gene/protein,kg4rd:18881,kg4rd:3146,:34078746:3GNcxiN8Ez52wUAbroYov3,myelodysplastic syndrome,hmgb1,1000.0,1000.0
disease_protein,disease,gene/protein,kg4rd:16971,kg4rd:3146,:34078746:FKFcu4nioCJYm3GPN7osM5,limb-girdle muscular dystrophy,hmgb1,86.95652173913044,1000.0
phenotype_protein,effect/phenotype,gene/protein,kg4rd:3202,kg4rd:3146,:34078746:JjcrNtbisd3Fkm9Wjat3DG,skeletal muscle atrophy,hmgb1,1000.0,1000.0
phenotype_protein,effect/phenotype,gene/protein,kg4rd:1582,kg4rd:8425,:34071145:WUb3DWSuB2QVcBDhRCyWwg,redundant skin,ltbp4,1000.0,1000.0
phenotype_protein,effect/phenotype,gene/protein,kg4rd:1654,kg4rd:8425,:34071145:mLnHVwpqjKXcsjeggmuTqm,abnormal heart valve morphology,ltbp4,1000.0,1000.0
disease_phenotype_positive,disease,effect/phenotype,kg4rd:10679,kg4rd:12332,:34065946:nJhZzn98qubdg3MdVoPr92,duchenne muscular dystrophy,abnormal autonomic nervous system physiology,1000.0,85.1063829787234
disease_phenotype_positive,disease,effect/phenotype,kg4rd:10679,kg4rd:2088,:34053847:mF8t7MfksmkZubddRfft28,duchenne muscular dystrophy,abnormal lung morphology,1000.0,1000.0
bioprocess_protein,biological_process,gene/protein,kg4rd:42310,kg4rd:7175,:34048282:QCUdtdybDBpndnpUTgCPWp,vasoconstriction,tpr,1000.0,1000.0
disease_phenotype_positive,disease,effect/phenotype,kg4rd:10679,kg4rd:30692,:34024777:BkGGn2kzCjupTiS5UVmvh8,duchenne muscular dystrophy,brain neoplasm,1000.0,1000.0
disease_phenotype_positive,disease,effect/phenotype,kg4rd:43218,kg4rd:1324,:34020668:DEqiLqUnWmfz8uKks6Uu7C,neurovascular disorder,muscle weakness,88.88888888888889,1000.0
anatomy_protein_present,anatomy,gene/protein,kg4rd:14895,kg4rd:7402,:33999469:PURe4bbY3S68r59BFRT8Nu,"somatic muscle, invertebrate",utrn,1000.0,1000.0
bioprocess_protein,biological_process,gene/protein,kg4rd:51170,kg4rd:10413,:33990626:PpLEzgWce5FaSfpKUVVRox,import into nucleus,yap1,1000.0,85.71428571428572
disease_protein,disease,gene/protein,kg4rd:1010441,kg4rd:10413,:33990626:jsraBN9xFva4vyM5Bxbuno,"cardiomyopathy, dog",yap1,88.88888888888889,85.71428571428572
disease_protein,disease,gene/protein,kg4rd:10679,kg4rd:6301,:33963617:KEJq3S6EmY3PsfqFYRTH7j,duchenne muscular dystrophy,sars1,93.10344827586206,88.88888888888889
disease_protein,disease,gene/protein,kg4rd:10679,kg4rd:6722,:33963617:5AB4QsnN5Lt2EtWNbug6WE,duchenne muscular dystrophy,srf,93.10344827586206,1000.0
disease_protein,disease,gene/protein,kg4rd:10679,kg4rd:387,:33963617:goxovVj2VCXTzp6GPzkGUn,duchenne muscular dystrophy,rhoa,93.10344827586206,1000.0
disease_protein,disease,gene/protein,kg4rd:10679,kg4rd:57591,:33963617:FjtEZycp4k92Y5SEomJpfW,duchenne muscular dystrophy,mrtfa,93.10344827586206,1000.0
disease_phenotype_positive,disease,effect/phenotype,kg4rd:10679,kg4rd:4349,:33954789:hWsPs7W4oqYq3iZMgxrGw6,duchenne muscular dystrophy,reduced bone mineral density,1000.0,93.33333333333333
disease_phenotype_positive,disease,effect/phenotype,kg4rd:10679,kg4rd:1642,:33939888:fHqzuYzWwdpLiHXcEp97VR,duchenne muscular dystrophy,pulmonic stenosis,1000.0,88.23529411764706
disease_phenotype_positive,disease,effect/phenotype,kg4rd:10679,kg4rd:2098,:33939888:XjwDo7UMtohqHbyfwKpFGg,duchenne muscular dystrophy,respiratory distress,1000.0,86.95652173913044
disease_phenotype_positive,disease,effect/phenotype,kg4rd:10679,kg4rd:2953,:33838091:eog9eFAcJEqxutSZxT7Tze,duchenne muscular dystrophy,vertebral compression fracture,1000.0,1000.0
disease_phenotype_positive,disease,effect/phenotype,kg4rd:10679,kg4rd:10807,:33826161:j4SddoJVpu2qrrdto6sTok,duchenne muscular dystrophy,open bite,1000.0,1000.0
bioprocess_protein,biological_process,gene/protein,kg4rd:14732,kg4rd:2122,:33780374:EzDYrAiXtuYrc4Nj6g4hYX,skeletal muscle atrophy,mecom,85.71428571428572,86.95652173913044
bioprocess_protein,biological_process,gene/protein,kg4rd:70085,kg4rd:124872,:33770101:MHE9rwtUwvjQNZqrzxSsmr,glycosylation,b4galnt2,1000.0,1000.0
anatomy_protein_present,anatomy,gene/protein,kg4rd:15230,kg4rd:7402,:33770101:jLNssUDAWQJLZrBdZ9BPmr,dorsal vessel heart,utrn,1000.0,1000.0
anatomy_protein_present,anatomy,gene/protein,kg4rd:14895,kg4rd:1605,:33770101:3EDTsAdZ4MnTcmziWyFEmg,"somatic muscle, invertebrate",dag1,1000.0,85.71428571428572
anatomy_protein_present,anatomy,gene/protein,kg4rd:15230,kg4rd:1605,:33770101:QAzWMpt3VjVzTWnzWZbqKt,dorsal vessel heart,dag1,1000.0,85.71428571428572
disease_phenotype_positive,disease,effect/phenotype,kg4rd:10679,kg4rd:1250,:33741226:LZ5LARpQNZXV3GqMvCNU8J,duchenne muscular dystrophy,epilepsy,1000.0,1000.0
disease_phenotype_positive,disease,effect/phenotype,kg4rd:10679,kg4rd:11097,:33741226:EAHDs26NG9uQfGaEfBQue4,duchenne muscular dystrophy,epileptic spasm,1000.0,1000.0
disease_protein,disease,gene/protein,kg4rd:10679,kg4rd:107,:33619882:8bnpYUFGxThrcrRRJH78TX,duchenne muscular dystrophy,adcy1,1000.0,94.44444444444444
disease_phenotype_positive,disease,effect/phenotype,kg4rd:10679,kg4rd:924,:33619211:Ga9NkZeaBFx423FFCfKTWU,duchenne muscular dystrophy,abnormality of the skeletal system,1000.0,86.27450980392157
anatomy_protein_present,anatomy,gene/protein,kg4rd:2036,kg4rd:1756,:33579366:n3itsokzMUxFtdaiJUwrQa,striated muscle tissue,dmd,89.65517241379311,1000.0
disease_phenotype_positive,disease,effect/phenotype,kg4rd:10679,kg4rd:77,:33556541:4KUqezjppS8oQYNwoaZJ6D,duchenne muscular dystrophy,abnormality of the kidney,1000.0,93.75
disease_phenotype_positive,disease,effect/phenotype,kg4rd:18881,kg4rd:1507,:33551221:SYxtSzohckigUc4nUEx9wJ,myelodysplastic syndrome,growth abnormality,85.71428571428572,96.0
disease_phenotype_positive,disease,effect/phenotype,kg4rd:10679,kg4rd:1417,:33523015:Ksh4FXzQrNzH6zhj3oDdkE,duchenne muscular dystrophy,x-linked inheritance,1000.0,1000.0
disease_phenotype_positive,disease,effect/phenotype,kg4rd:10679,kg4rd:939,:33471740:9BVNnApnMtUaukMCaSLJDK,duchenne muscular dystrophy,osteoporosis,1000.0,1000.0
disease_phenotype_positive,disease,effect/phenotype,kg4rd:10679,kg4rd:20110,:33471740:EARJiMkxxtWkLwqXeHVNaz,duchenne muscular dystrophy,bone fracture,1000.0,96.2962962962963
cellcomp_protein,cellular_component,gene/protein,kg4rd:5739,kg4rd:118490,:33423297:bbkdKJ6seLAM2hXzDT7moe,mitochondrion,mss51,1000.0,1000.0
bioprocess_protein,biological_process,gene/protein,kg4rd:31099,kg4rd:1756,:33407808:Mpvn4SLYmhgUPwTw3Sgdjf,regeneration,dmd,1000.0,1000.0
disease_protein,disease,gene/protein,kg4rd:8054,kg4rd:23586,:33314705:7yk55v8Qj5RhK2v3fFMHCK,juvenile dermatomyositis,rigi,1000.0,1000.0
disease_protein,disease,gene/protein,kg4rd:8054,kg4rd:64135,:33314705:BLm4y8TJBMwTwyZhxJC6G8,juvenile dermatomyositis,ifih1,1000.0,1000.0
disease_protein,disease,gene/protein,kg4rd:8054,kg4rd:9636,:33314705:J77AREvhL3SKZ5P2hAeaNL,juvenile dermatomyositis,isg15,1000.0,1000.0
disease_protein,disease,gene/protein,kg4rd:6325,kg4rd:9636,:33314705:NJLsisy6c5oQbF57LxujnX,ocular melanoma,isg15,1000.0,1000.0
disease_phenotype_positive,disease,effect/phenotype,kg4rd:10679,kg4rd:3010,:33309480:bmbFmUBW64KWH7jCCRSidr,duchenne muscular dystrophy,prolonged bleeding time,1000.0,1000.0
disease_phenotype_positive,disease,effect/phenotype,kg4rd:10311,kg4rd:1653,:33305858:WvV24Nd5MAMRci2qBJm352,becker muscular dystrophy,mitral regurgitation,1000.0,86.79245283018868
bioprocess_protein,biological_process,gene/protein,kg4rd:45445,kg4rd:9748,:33259860:eCqr6PJzERoCZvxPFgwrow,myoblast differentiation,slk,1000.0,1000.0
bioprocess_protein,biological_process,gene/protein,kg4rd:43696,kg4rd:9748,:33259860:mfzf8mmheDV9rz7aeneRTQ,dedifferentiation,slk,93.75,1000.0
disease_protein,disease,gene/protein,kg4rd:10679,kg4rd:9748,:33259860:nLJmcYXZBGYksMrFNDRcsn,duchenne muscular dystrophy,slk,1000.0,1000.0
disease_protein,disease,gene/protein,kg4rd:10679,kg4rd:23476,:33257646:M7nq6HkqzNEqbAqiGYye9X,duchenne muscular dystrophy,brd4,1000.0,1000.0
anatomy_protein_present,anatomy,gene/protein,kg4rd:5090,kg4rd:23476,:33257646:2etq9f82x5PQBoXPyKmQRD,muscle structure,brd4,1000.0,1000.0
disease_protein,disease,gene/protein,kg4rd:10679,kg4rd:4779,:33246292:ntgr7V9fJQM8ZnT8qsjxHH,duchenne muscular dystrophy,nfe2l1,93.10344827586206,88.09523809523809
anatomy_protein_absent,anatomy,gene/protein,kg4rd:1015,kg4rd:1756,:33246213:gc695aTu4QaqCbHkLWjBMX,musculature,dmd,1000.0,1000.0
disease_protein,disease,gene/protein,kg4rd:10679,kg4rd:3732,:33243288:T3s844moppopDdZtdLMFZy,duchenne muscular dystrophy,cd82,93.10344827586206,1000.0
disease_phenotype_positive,disease,effect/phenotype,kg4rd:10679,kg4rd:30637,:33208172:F6fKpPEdYiL3BqY4q74JAS,duchenne muscular dystrophy,congenital stationary cone dysfunction,1000.0,86.48648648648648
disease_phenotype_positive,disease,effect/phenotype,kg4rd:10679,kg4rd:12648,:33208172:7hf73XNFJQ9qussEtJ99G3,duchenne muscular dystrophy,decreased inflammatory response,1000.0,86.66666666666667
disease_phenotype_positive,disease,effect/phenotype,kg4rd:10679,kg4rd:31846,:33173022:J7adYSRFrWQGCymWktwXWf,duchenne muscular dystrophy,femur fracture,1000.0,96.96969696969697
disease_phenotype_positive,disease,effect/phenotype,kg4rd:10679,kg4rd:25280,:33143504:nwDNKDKYut34A6z3EMMXop,duchenne muscular dystrophy,pain characteristic,93.10344827586206,87.17948717948718
disease_phenotype_positive,disease,effect/phenotype,kg4rd:10679,kg4rd:2172,:33143504:CGKzZeJ8NPDmkJeLUBq4rP,duchenne muscular dystrophy,postural instability,93.10344827586206,87.5
disease_phenotype_positive,disease,effect/phenotype,kg4rd:10679,kg4rd:2870,:33131659:bdW3kA22hvBD5AkvRE6gx9,duchenne muscular dystrophy,obstructive sleep apnea,1000.0,1000.0
disease_phenotype_positive,disease,effect/phenotype,kg4rd:10679,kg4rd:10536,:33131659:5GZWnRmPTLyzVpHW9LkQMc,duchenne muscular dystrophy,central sleep apnea,1000.0,1000.0
disease_phenotype_positive,disease,effect/phenotype,kg4rd:10679,kg4rd:100785,:33131659:gLe4qohSQZNgcJwXz7vCxA,duchenne muscular dystrophy,insomnia,1000.0,1000.0
bioprocess_protein,biological_process,gene/protein,kg4rd:43403,kg4rd:4656,:33125736:P9qrArLMHL4hJ2AAsSrc4v,skeletal muscle tissue regeneration,myog,88.88888888888889,1000.0
bioprocess_protein,biological_process,gene/protein,kg4rd:43403,kg4rd:4205,:33125736:ZwnmCjRELu2YPssDbbZ78v,skeletal muscle tissue regeneration,mef2a,88.88888888888889,98.0392156862745
disease_protein,disease,gene/protein,kg4rd:10679,kg4rd:10725,:33114289:c9bNnTafStfYBZ4KXNpMLj,duchenne muscular dystrophy,nfat5,1000.0,1000.0
disease_protein,disease,gene/protein,kg4rd:10679,kg4rd:5728,:33068545:M5zshszMWAvEUqrXDYoXvx,duchenne muscular dystrophy,pten,1000.0,1000.0
disease_phenotype_positive,disease,effect/phenotype,kg4rd:10679,kg4rd:9826,:33025945:kS5Aevvq4zpu3RX6RNCK9C,duchenne muscular dystrophy,limb undergrowth,1000.0,86.66666666666667
disease_phenotype_positive,disease,effect/phenotype,kg4rd:10679,kg4rd:2020,:33002199:PoxwbcacsxvimdVysVJ6rf,duchenne muscular dystrophy,gastroesophageal reflux,1000.0,1000.0
bioprocess_protein,biological_process,gene/protein,kg4rd:65007,kg4rd:5144,:32992747:9DKcbxH6T8hPmvf8tKiikC,biological regulation,pde4d,86.48648648648648,88.37209302325581
disease_phenotype_positive,disease,effect/phenotype,kg4rd:10679,kg4rd:2107,:32956714:XRnxSw9rXhCNKBQ9HDVKku,duchenne muscular dystrophy,pneumothorax,1000.0,1000.0
disease_phenotype_positive,disease,effect/phenotype,kg4rd:20121,kg4rd:1685,:32893256:78A9ShwJAiACcdjPB2bqbn,muscular dystrophy,myocardial fibrosis,1000.0,1000.0
disease_phenotype_positive,disease,effect/phenotype,kg4rd:10679,kg4rd:12828,:32846887:KbfoX6KiVghUyfwCTMuUKz,duchenne muscular dystrophy,severe,1000.0,1000.0
disease_phenotype_positive,disease,effect/phenotype,kg4rd:10679,kg4rd:200008,:32846887:5tWQHv6ugJSQVT5Dgqphhp,duchenne muscular dystrophy,intestinal polyposis,1000.0,87.5
disease_protein,disease,gene/protein,kg4rd:10679,kg4rd:51727,:32841186:eWRfKiWZSTu7QqbbBLpnXG,duchenne muscular dystrophy,cmpk1,1000.0,85.71428571428572
disease_phenotype_positive,disease,effect/phenotype,kg4rd:10679,kg4rd:7618,:32826942:J2Sfhnuh9uZqjzGn5j6wmd,duchenne muscular dystrophy,subcutaneous calcification,1000.0,87.5
disease_protein,disease,gene/protein,kg4rd:10679,kg4rd:51191,:32791870:mM4X7hPyoR4sjNJUWWk2dx,duchenne muscular dystrophy,herc5,1000.0,1000.0
disease_protein,disease,gene/protein,kg4rd:10679,kg4rd:6502,:32791870:NcUmcAShY9CCzaypWQrRsM,duchenne muscular dystrophy,skp2,1000.0,1000.0
disease_protein,disease,gene/protein,kg4rd:10679,kg4rd:54461,:32791870:XFwQSz8iAj5L5cZk3RhifQ,duchenne muscular dystrophy,fbxw5,1000.0,1000.0
disease_protein,disease,gene/protein,kg4rd:10679,kg4rd:149076,:32791870:apz8WXyZpqxDJgL26DozCo,duchenne muscular dystrophy,znf362,1000.0,1000.0
disease_protein,disease,gene/protein,kg4rd:10679,kg4rd:79969,:32791870:j2q7qwuMsq9rPSViT9Mk2M,duchenne muscular dystrophy,atat1,1000.0,1000.0
disease_protein,disease,gene/protein,kg4rd:10679,kg4rd:6688,:32791870:JagdSx83ZzGHRDt7UXVwbW,duchenne muscular dystrophy,spi1,1000.0,1000.0
disease_protein,disease,gene/protein,kg4rd:10679,kg4rd:6938,:32791870:cU8WQPGL2pPWLENYyfqNt4,duchenne muscular dystrophy,tcf12,1000.0,1000.0
disease_protein,disease,gene/protein,kg4rd:10679,kg4rd:10061,:32791870:PHmnTdc37UezzmzG3AHzMN,duchenne muscular dystrophy,abcf2,1000.0,1000.0
bioprocess_protein,biological_process,gene/protein,kg4rd:1990765,kg4rd:1756,:32789934:dFw6jeQirpRbxphx3rSnpB,colon smooth muscle contraction,dmd,87.87878787878788,1000.0
bioprocess_protein,biological_process,gene/protein,kg4rd:30432,kg4rd:1756,:32789934:BngFtAbRqwvviXL44rVkpf,peristalsis,dmd,1000.0,1000.0
disease_phenotype_positive,disease,effect/phenotype,kg4rd:10679,kg4rd:158,:32772581:KDLdYApSwBGtac4MpZQDDJ,duchenne muscular dystrophy,macroglossia,1000.0,1000.0
disease_phenotype_positive,disease,effect/phenotype,kg4rd:10679,kg4rd:1260,:32772581:jaqaG66Pn4pbAf3C9p9ubi,duchenne muscular dystrophy,dysarthria,1000.0,1000.0
disease_protein,disease,gene/protein,kg4rd:10679,kg4rd:1795,:32766788:PxYynaaBpzH7syG3FrtPTo,duchenne muscular dystrophy,dock3,1000.0,1000.0
disease_phenotype_positive,disease,effect/phenotype,kg4rd:10679,kg4rd:33044,:32758414:MZTQt98TjcvtAzqiNZ9eLj,duchenne muscular dystrophy,motor regression,1000.0,1000.0
disease_phenotype_positive,disease,effect/phenotype,kg4rd:8030,kg4rd:3687,:32744322:99gfSbMKrCd5Y3EkmuY388,facioscapulohumeral muscular dystrophy 1,centrally nucleated skeletal muscle fibers,1000.0,87.5
disease_phenotype_positive,disease,effect/phenotype,kg4rd:10679,kg4rd:25267,:32740854:Hkret5agmync4Xvs8xRdZk,duchenne muscular dystrophy,snoring,1000.0,1000.0
disease_disease,disease,disease,kg4rd:10679,kg4rd:10651,:32738034:oUtpZT79vDcNeN6gfzboZX,duchenne muscular dystrophy,menkes disease,1000.0,1000.0
disease_protein,disease,gene/protein,kg4rd:10679,kg4rd:10659,:32596946:EFaswWhMaJrZiz6y9Fxm3X,duchenne muscular dystrophy,celf2,1000.0,90.9090909090909
disease_phenotype_positive,disease,effect/phenotype,kg4rd:10311,kg4rd:3119,:32593511:FLu62uABkd3ST4Uzs75DZW,becker muscular dystrophy,abnormal circulating lipid concentration,1000.0,91.66666666666666
disease_protein,disease,gene/protein,kg4rd:10679,kg4rd:2066,:32592467:Mcq2gfvjAPVs7XuQCNmnmK,duchenne muscular dystrophy,erbb4,1000.0,1000.0
disease_protein,disease,gene/protein,kg4rd:10679,kg4rd:6647,:32592467:FfukU4VuPEgURy9wq95ZDM,duchenne muscular dystrophy,sod1,1000.0,1000.0
disease_protein,disease,gene/protein,kg4rd:10679,kg4rd:1270,:32592467:DhGjdduCRNYYMsnx5Af845,duchenne muscular dystrophy,cntf,1000.0,1000.0
disease_protein,disease,gene/protein,kg4rd:10679,kg4rd:4691,:32569663:naBtboifDKP9vqH5H8H9mm,duchenne muscular dystrophy,ncl,1000.0,85.71428571428572
disease_phenotype_positive,disease,effect/phenotype,kg4rd:10679,kg4rd:3724,:32543101:8BZnEKmrZgNaWg5yyU8zuV,duchenne muscular dystrophy,shoulder girdle muscle atrophy,1000.0,85.71428571428572
disease_phenotype_positive,disease,effect/phenotype,kg4rd:10679,kg4rd:8956,:32543101:djKCohyva4qBqeTkYQ5H7a,duchenne muscular dystrophy,proximal lower limb amyotrophy,1000.0,97.87234042553192
disease_phenotype_positive,disease,effect/phenotype,kg4rd:10311,kg4rd:100295,:32504006:cM2Yg7rbVGAF4cZHTkEJwR,becker muscular dystrophy,muscle fiber atrophy,1000.0,1000.0
disease_phenotype_positive,disease,effect/phenotype,kg4rd:10311,kg4rd:5576,:32504006:GkZYwgZoJNZSMzJmuGLA3J,becker muscular dystrophy,tubulointerstitial fibrosis,1000.0,87.5
disease_phenotype_positive,disease,effect/phenotype,kg4rd:10679,kg4rd:707,:32488044:HWiuaWx43HLfbwGnk7YJR4,duchenne muscular dystrophy,abnormality of the nervous system,1000.0,96.0
disease_phenotype_positive,disease,effect/phenotype,kg4rd:18958,kg4rd:31177,:32478919:Xbma5Mu3tkZH9EH6t4Qpwd,nemaline myopathy,finger flexor weakness,85.71428571428572,1000.0
disease_phenotype_positive,disease,effect/phenotype,kg4rd:20121,kg4rd:3323,:32478678:ScJhHZ8gaRjkwaVrn53mFg,muscular dystrophy,progressive muscle weakness,89.47368421052632,85.1063829787234
phenotype_protein,effect/phenotype,gene/protein,kg4rd:3236,kg4rd:1152,:32473283:4ia7C5yv75hiZcFmCY9Am9,elevated circulating creatine kinase concentration,ckb,1000.0,93.75
bioprocess_protein,biological_process,gene/protein,kg4rd:33497,kg4rd:1756,:32454436:JqJDo4zgx3XSeNfgwidqER,sinapate biosynthetic process,dmd,85.71428571428572,1000.0
disease_phenotype_positive,disease,effect/phenotype,kg4rd:10679,kg4rd:822,:32447503:HQxpK4qVuxb3Pad3E2eGEh,duchenne muscular dystrophy,hypertension,1000.0,1000.0
disease_phenotype_positive,disease,effect/phenotype,kg4rd:10679,kg4rd:12595,:32447503:Mb5hsfKzXqyJ6KAiDgh7xF,duchenne muscular dystrophy,mild proteinuria,1000.0,1000.0
disease_phenotype_positive,disease,effect/phenotype,kg4rd:10679,kg4rd:2150,:32447503:eGoKxScNrmasMoz73fqDv5,duchenne muscular dystrophy,hypercalciuria,1000.0,1000.0
disease_phenotype_positive,disease,effect/phenotype,kg4rd:10679,kg4rd:3127,:32447503:Ev7eR2NpdWtF2FJMfeyVsD,duchenne muscular dystrophy,hypocalciuria,1000.0,1000.0
disease_phenotype_positive,disease,effect/phenotype,kg4rd:10679,kg4rd:3109,:32447503:fPQxWVGf8S6R68P65ecmEA,duchenne muscular dystrophy,hyperphosphaturia,1000.0,1000.0
disease_phenotype_positive,disease,effect/phenotype,kg4rd:10679,kg4rd:3149,:32447503:dfr3bBDEESWyqsPUVUFqMC,duchenne muscular dystrophy,hyperuricosuria,1000.0,1000.0
disease_phenotype_positive,disease,effect/phenotype,kg4rd:10679,kg4rd:2149,:32447503:LYf4nhj7MUAQdui4f8yutf,duchenne muscular dystrophy,hyperuricemia,1000.0,1000.0
phenotype_protein,effect/phenotype,gene/protein,kg4rd:11969,kg4rd:5741,:32447503:jsnq42B9EVhWj9NhgLEinB,elevated circulating luteinizing hormone level,pth,88.88888888888889,1000.0
bioprocess_protein,biological_process,gene/protein,kg4rd:50728,kg4rd:2660,:32419339:fQRi75xx4HNkJcgKMwdtL6,negative regulation of inflammatory response,mstn,95.45454545454545,1000.0
disease_protein,disease,gene/protein,kg4rd:10679,kg4rd:10468,:32419339:jo2naDoVgH5tnfQhZcQyZS,duchenne muscular dystrophy,fst,1000.0,1000.0
anatomy_protein_absent,anatomy,gene/protein,kg4rd:2354,kg4rd:1756,:32383994:YkvWWWmLp5W2Noxd5wsqJd,cardiac purkinje fiber,dmd,97.77777777777777,1000.0
phenotype_phenotype,effect/phenotype,effect/phenotype,kg4rd:6532,kg4rd:32341,:32306557:H3nzqzC4v5WQWnBCsSCrzB,recurrent pneumonia,reduced forced vital capacity,86.48648648648648,85.18518518518519
disease_phenotype_positive,disease,effect/phenotype,kg4rd:10679,kg4rd:3774,:32270339:UKMgD4RAHs4CNDU3bqBRYs,duchenne muscular dystrophy,stage 5 chronic kidney disease,1000.0,86.95652173913044
disease_phenotype_positive,disease,effect/phenotype,kg4rd:20121,kg4rd:739,:32222927:WXNffZSuB3D3cAvEgmXtWi,muscular dystrophy,anxiety,1000.0,1000.0
disease_phenotype_positive,disease,effect/phenotype,kg4rd:20121,kg4rd:716,:32222927:DbGzuG3qVkeqpiGQMoHD5C,muscular dystrophy,depression,1000.0,1000.0
disease_protein,disease,gene/protein,kg4rd:16147,kg4rd:4811,:32211681:MAzv3ryz3gE6FUjfnjoSBq,qualitative or quantitative defects of dystrophin,nid1,1000.0,87.5
disease_protein,disease,gene/protein,kg4rd:16147,kg4rd:5816,:32211681:WBGRNWxjbxD6Xo9PfSbtcC,qualitative or quantitative defects of dystrophin,pvalb,1000.0,1000.0
disease_protein,disease,gene/protein,kg4rd:16147,kg4rd:7273,:32211681:BoHX9HwvhXJ5adMwUYciBg,qualitative or quantitative defects of dystrophin,ttn,1000.0,1000.0
disease_phenotype_positive,disease,effect/phenotype,kg4rd:16147,kg4rd:1419,:32169422:eoxS44EcHmBFqiDBH8zrCG,qualitative or quantitative defects of dystrophin,x-linked recessive inheritance,88.23529411764706,88.23529411764706
bioprocess_protein,biological_process,gene/protein,kg4rd:31099,kg4rd:216,:32157826:8tWbiTiN29e52XFShjP2Ax,regeneration,aldh1a1,1000.0,1000.0
bioprocess_protein,biological_process,gene/protein,kg4rd:31099,kg4rd:220,:32157826:RDeZKC4GCTQUNzMgevfaRw,regeneration,aldh1a3,1000.0,1000.0
bioprocess_protein,biological_process,gene/protein,kg4rd:31099,kg4rd:219,:32157826:44iw4XgcLxpc65ovxHQeV8,regeneration,aldh1b1,1000.0,1000.0
bioprocess_protein,biological_process,gene/protein,kg4rd:31099,kg4rd:217,:32157826:fWGA3LyQgfLJ9QmjrXMqEk,regeneration,aldh2,1000.0,1000.0
bioprocess_protein,biological_process,gene/protein,kg4rd:31099,kg4rd:224,:32157826:gNvwG4tWw29KWF2h5ktDK2,regeneration,aldh3a2,1000.0,1000.0
bioprocess_protein,biological_process,gene/protein,kg4rd:31099,kg4rd:501,:32157826:FV7or8bQdgswq2MBBanUBM,regeneration,aldh7a1,1000.0,1000.0
bioprocess_protein,biological_process,gene/protein,kg4rd:31099,kg4rd:64577,:32157826:nsjnBYuNefSTxvMYywN49o,regeneration,aldh8a1,1000.0,1000.0
bioprocess_protein,biological_process,gene/protein,kg4rd:31099,kg4rd:223,:32157826:cLS3BgXmPupfnvuV3ZUYVY,regeneration,aldh9a1,1000.0,1000.0
disease_phenotype_positive,disease,effect/phenotype,kg4rd:11057,kg4rd:34392,:32108365:KGRYtAoNb27JshrnmDVqx9,cerebrovascular disorder,joint contracture,1000.0,95.65217391304348
disease_phenotype_positive,disease,effect/phenotype,kg4rd:6497,kg4rd:34392,:32108365:Ryg6bMdxT3Mo8B2pJUFMA6,cerebral palsy,joint contracture,1000.0,95.65217391304348
